0.0,1.0,0.0,0.0,Shaquille O'Neal Raises $2M for His Foundation with Sale of NFT Collection,0
0.0,1.0,0.0,0.0,A New Era for StakeWise ‚Äî Decentralizing the Architecture,0
0.0,0.408,0.592,0.4404,Crypto related gift,1
0.0,1.0,0.0,0.0,Which third generation coins are you investing on?,0
0.158,0.842,0.0,-0.4939,"Ethereum Has Burned 1.2 Million ETH in 4 Months, Close to $5 Billion in Ether Destroyed - Crypto Exchange Daily",-1
0.176,0.824,0.0,-0.4588,Pension funders and others that have made the leap into cryptocurrencies are beating their peers,-1
0.0,1.0,0.0,0.0,Who else is getting their tax info together?,0
0.429,0.571,0.0,-0.7184,Polkadot Leads Altcoin Losses After Bitcoin Is Rejected at $52K,-1
0.649,0.351,0.0,-0.5719,Coinbase is a scam,-1
0.0,1.0,0.0,0.0,Ether Beats Bitcoin in 2021 as Volatility Suddenly Takes a Bite - Bloomberg,0
0.0,0.859,0.141,0.2023,Marathon Digital Named Top Mining Pick Heading Into 2022 by DA Davidson,1
0.0,0.828,0.172,0.3612,I'll do TA for any coin you like using my indicators on a stream,1
0.0,1.0,0.0,0.0,How a Decentralised Exchange Works,0
0.0,1.0,0.0,0.0,Chinese investors continue to trade cryptocurrencies despite the regulatory backlash,0
0.0,0.714,0.286,0.4939,Banks with business checking accounts that are crypto friendly?,1
0.0,0.8,0.2,0.4588,This site shows you EVERYTHING you need to know about your favorite coins,1
0.0,1.0,0.0,0.0,Crypto for the Year 2022!,0
0.0,1.0,0.0,0.0,Advice for a first time investor,0
0.0,1.0,0.0,0.0,Today in Crypto: The Catwalk Meets The Metaverse,0
0.0,1.0,0.0,0.0,"If you had to hold $30k of one coin for 5 years before you could sell, what would it be and why?",0
0.0,0.722,0.278,0.4019,Harmony (ONE) EOY and Road Map for 2022,1
0.0,1.0,0.0,0.0,Bitcoin beat both the stock market and gold for the third year in a row. Bitcoin is up 73% while the S&P 500 is up 28% and Gold is down 7%,0
0.0,1.0,0.0,0.0,Dogecoin Vs. Bitcoin. Let‚Äôs actually have a conversation. (This is in response to Elon spreading misinformation.),0
0.0,1.0,0.0,0.0,"Daily Discussion - December 28, 2021 (GMT+0)",0
0.127,0.764,0.109,-0.1179,"With the New Year approaching, what‚Äôs your biggest crypto regret of 2021? What do you wish you would have done differently?",0
0.333,0.667,0.0,-0.5423,Analysts warn that possible downside wick could push BTC price as low as $44K,-1
0.182,0.661,0.157,-0.0772,Coinone will no longer allow withdrawals to unverified external wallets,0
0.308,0.692,0.0,-0.4588,Bank of England warns crypto could threaten the established financial system,-1
0.0,0.758,0.242,0.4939,The real reason why I didn‚Äôt care about the 20/21 bull market,1
0.0,1.0,0.0,0.0,Global Bitcoin ATM Installs Spike by Over 100% in 2021,0
0.154,0.5,0.346,0.3182,Bitcoin and Ethereum lose festive cheer but Cardano rallies,1
0.079,0.793,0.128,0.2033,"Anthony Pompliano: 'We Shouldn't Apologize For Bitcoin's Energy Usage, Crucial Things In World Use Energy‚Äù",1
0.0,1.0,0.0,0.0,Airbnb CEO Brian Chesky on the Future of Crypto & Metaverse in Travel,0
0.0,0.625,0.375,0.2023,Top Cryptocurrency Performers 2021,1
0.0,0.828,0.172,0.4404,Study finds discontinued LEGO sets better investment than gold. Peter Schiff must be in shambles,1
0.0,1.0,0.0,0.0,Numbers That Defined Crypto's Record Year Of 2021,0
0.0,0.812,0.188,0.4588,FTX Plans to Offer $1 Million to Each Bank For the Acceptance of Stablecoins,1
0.0,1.0,0.0,0.0,Ethereum bottom not in yet as of Q4 2021 (according to the whales),0
0.14,0.86,0.0,-0.6171,New to this and requested a single recharge activity that I can't complete. I was following advice w/o knowing what it meant and feel very dumb. Can't get any solid info on what will happen next.,-1
0.0,0.902,0.098,0.3612,"German telecom giant supports Polkadot, acquires DOT tokens. T-Systems MMS will use its infrastructure to participate in the Polkadot public blockchain network as a validator",1
0.0,0.916,0.084,0.4939,"Another step towards mass adoption: Italian bank will let customers buy and sell Bitcoin directly on their account, starting next year (an Italian friend just sent the link to me - can't find a source in English yet)",1
0.0,1.0,0.0,0.0,Staking,0
0.0,1.0,0.0,0.0,Novogratz Believes that Ethereum Could Outperform Bitcoin In The Near Future,0
0.0,0.702,0.298,0.5267,"Brave offers tipping in Reddit, Twitter, and probably more",1
0.144,0.856,0.0,-0.4939,"North Korean Hackers Have Stolen Over $1.7 Billion Of Crypto From Exchanges, And Here's What They Are Doing With It",-1
0.0,0.476,0.524,0.296,Creating Crypto currency,1
0.0,0.55,0.45,0.5994,A fair comparison? Ethereum growth outpaces Bitcoin in 2021,1
0.0,0.893,0.107,0.2023,"Apple, Meta, Nvidia Take Top Weightings in ProShares‚Äô Metaverse ETF Filing - ETF for the metaverse comming?",1
0.153,0.739,0.108,-0.2023,"North Korea has hacked $1.7 billion worth of cryptocurrency from exchanges, considers it a long-term investment",-1
0.0,1.0,0.0,0.0,Withdraw moons says it worked but didn‚Äôt,0
0.113,0.566,0.321,0.5423,"If you want good crypto games/ products/ services, we won't get there by pretending the current, awful ones are good",1
0.28,0.573,0.146,-0.4767,"Breast cancer organization accepts Bitcoin, Dogecoin and Shiba Inu for donations",-1
0.0,0.696,0.304,0.5859,CoinEx Online Conference: Analysis and Discussion of Fi+ Projects‚Äô Prospect and Crypto Opportunities,1
0.0,0.816,0.184,0.4019,Defi apps or strategies for Harmony - what else can I do with this coin?,1
0.0,0.687,0.313,0.4927,I tested 6 CPU Minable Coins What's The Most Profitable?,1
0.326,0.674,0.0,-0.4404,A Hacker Stole $1.6M After Exploiting a Polygon Bug,-1
0.0,1.0,0.0,0.0,The ultimate beginner's guide to DeFi on smartBCH - CryptoSorted,0
0.0,1.0,0.0,0.0,How have your financial goals changed while in crypto?,0
0.133,0.867,0.0,-0.6124,‚ÄòI was devastated to find out my husband led a double life‚Äô: He secretly stored $50K in bank and bitcoin accounts with his girlfriend. Can I claim this money?,-1
0.0,0.847,0.153,0.1779,The number of Bitcoin addresses with a non-zero balance has reached a new all-time high of 38.76 million addresses,0
0.0,1.0,0.0,0.0,State of Bitcoin and a Look Ahead,0
0.0,1.0,0.0,0.0,BlockbusterDAO Wants to Raise $5M to Crowdfund a Netflix for the first-ever DeFilm streaming platform. BlockbusterDAO‚Äôs token will be called a BlockHead,0
0.0,0.703,0.297,0.5859,"Binance Coin Dubbed ""Winner Of 2021"" By Crypto Research Firm",1
0.108,0.803,0.088,-0.128,"Elon Musk Reveals Bitcoin Creator Satoshi Nakamoto Theory, Admits He Doesn‚Äôt ‚ÄòGet‚Äô Ethereum And Issues Dogecoin Mars Prediction Amid Crypto Price Crash",0
0.3,0.601,0.099,-0.6908,"Ethereum Price Increase by 438% in 2021, in spite of China‚Äôs Cryptocurrency Ban, EIP-1559 Made Major Contribution",-1
0.0,1.0,0.0,0.0,Reasons Why Decentralized Finance (DeFi) Is The Future Of Finance,0
0.238,0.762,0.0,-0.3612,What Crypto mistakes did you make and learn from?,-1
0.363,0.265,0.372,0.0258,Best & Worst Buys Of 2021,0
0.0,1.0,0.0,0.0,So I made a boo-boo: L1 to L2,0
0.0,1.0,0.0,0.0,Let‚Äôs talk Tether,0
0.0,1.0,0.0,0.0,"In 2021, VCs Invested Around $30 Billion into Crypto, 445% More Than 2020",0
0.0,1.0,0.0,0.0,"Daily Discussion - December 29, 2021 (GMT+0)",0
0.278,0.605,0.117,-0.3391,"OpenDAO‚Äôs SOS Token Hits $250M Market Cap Despite Unclear Goals, Security Risks",-1
0.0,1.0,0.0,0.0,Why Web3? - AVC,0
0.0,1.0,0.0,0.0,$5.7 Billion of Bitcoin Options Set to Expire on Friday,0
0.333,0.667,0.0,-0.25,Crypto Games - Am I being paranoid?,-1
0.0,0.738,0.262,0.4927,The 15 Most Influential Crypto Cities in the World - Decrypt,1
0.0,0.909,0.091,0.4389,"Solana-based sports betting protocol BetDEX (founded by a FanDuel co-founder) is launching in 2022 after a $21 million seed round. They are accepting bets in sol, USDC, and the Solana dog-coin SAMO!",1
0.0,0.755,0.245,0.3818,Crypto.com Joins Singapore Blockchain Innovation Programme as Gold Member,1
0.0,0.769,0.231,0.2732,France Creates Task Force To Tackle Crypto Influencers,1
0.0,0.411,0.589,0.694,S.O.S PLEASE help I think I got scammed,1
0.0,0.828,0.172,0.4019,Is there any project with a decentralized webbrowser where you would help maintain a decentralized internet ?,1
0.113,0.887,0.0,-0.1027,Has anyone tried using PayPal's pay bill feature with your coinbase card?,0
0.104,0.806,0.09,-0.0772,Coinone will no longer allow withdrawals to unverified external wallets: More reasons not to store your coins on exchangers,0
0.452,0.548,0.0,-0.765,Reminder: Panic buying is the same disease as panic selling,-1
0.0,0.809,0.191,0.3818,"EIC Tax Credit Vs Capital Losses.. Itemize, or take the Standard deduction?",1
0.0,0.779,0.221,0.5267,"Mexico‚Äôs Third Richest Billionaire‚Äôs Advice: Invest in Bitcoin, Stay Away From Dollars, Euros",1
0.09,0.697,0.213,0.4588,"Just like paper money didn‚Äôt make gold obsolete, crypto won‚Äôt completely replace fiat. However it will definitely decrease its power.",1
0.333,0.667,0.0,-0.3612,The argument against Bitcoin in 2022.,-1
0.287,0.46,0.253,-0.0772,"Since I became wiser, I have become poorer",0
0.141,0.621,0.237,0.4019,Ignore technical analysis: The best way to track your portfolio is tax software,1
0.196,0.804,0.0,-0.296,When do we see other coins stop following Bitcoin (BTC)?,-1
0.0,0.547,0.453,0.63,NudeFT's: the next OnlyFans but better!,1
0.134,0.649,0.217,0.2648,Charles Hoskinson admitting dApps are failing to gain traction and having more than 2 million assets on the Cardano Blockchain,1
0.139,0.771,0.089,-0.2695,"Happy Festivus to the Rest of Us! Gather around the Festivus Pole, it's now time for the Traditional Airing of Grievances: I Got A Lot of Problems With You People, and Now You're Gonna Hear About It!",-1
0.0,1.0,0.0,0.0,Will 2022 be the year cryptocurrency and iGaming combine?,0
0.194,0.806,0.0,-0.34,Hong Kong Authorities Arrest Two for Allegedly Laundering $385M via Crypto,-1
0.0,1.0,0.0,0.0,Learn How To Get Tokens Using DripDropz on Cardano!,0
0.0,1.0,0.0,0.0,VeChain Partners With Fortune 500 Company Schneider Electric ($109.61 Billion market Cap),0
0.0,1.0,0.0,0.0,Abu Dhabi Ramps Up Effort to Become Middle East‚Äôs Crypto Hub,0
0.0,1.0,0.0,0.0,A Look Inside The Record-Breaking Year Of Bitcoin And Ethereum Futures,0
0.0,0.865,0.135,0.3252,"Don't be guilty if you ever FOMOed into something, Institutional Investors FOMO into the hype too",1
0.0,1.0,0.0,0.0,"Enough with the ""Centralization posts""",0
0.0,0.724,0.276,0.6369,The Best Ways to Earn Crypto and Money Online For College Students,1
0.0,1.0,0.0,0.0,OpenDAO's SOS Token Crashes 64% Since Christmas Day,0
0.123,0.877,0.0,-0.2732,Why do some think the $5.7b options expiring is likely to lead to a drop in price?,-1
0.0,1.0,0.0,0.0,Bitcoin Charts Indicate Neutral Sentiment,0
0.0,1.0,0.0,0.0,Crypto and Gaming,0
0.0,0.8,0.2,0.3612,What do you think are possible drawbacks/negatives about a project like ERGO?,1
0.0,1.0,0.0,0.0,First 20x of my life: I sold early!,0
0.0,1.0,0.0,0.0,Senator Elizabeth Warren's crusade against crypto is Bullish,0
0.209,0.791,0.0,-0.4404,South Korean Government Asks Apple and Google to Block Crypto P2E Games,-1
0.0,0.659,0.341,0.4767,Crypto platform gets approval from central bank,1
0.0,0.671,0.329,0.2411,Perspective: Bitcoin is not boring,1
0.0,1.0,0.0,0.0,Is anyone else concerned by the shift of discussion away from technology and towards price?,0
0.058,0.774,0.168,0.4005,"I'm tired of people acting like Centralization is okay. You make money off it in the short term, but centralization will never last. It defeats the entire purpose of crypto.",1
0.0,0.816,0.184,0.2023,The top five most expensive NFT purchases in 2021,1
0.0,1.0,0.0,0.0,Kira Network: LIQUID STAKING - DEV UPDATES!,0
0.0,1.0,0.0,0.0,What are your thoughts on blockchain gaming?,0
0.0,1.0,0.0,0.0,Roast my backup strategy.,0
0.0,0.651,0.349,0.7092,"WSJ - The Metaverse Isn‚Äôt Quite Ready for You, but Your Investment Is Welcome",1
0.264,0.556,0.181,-0.296,French task force to reprimand influencers who promote crypto scams,-1
0.315,0.685,0.0,-0.3182,The Ghost of Mt. Gox: Introduction,-1
0.0,1.0,0.0,0.0,What BTC price slump? Bitcoin outperforms stocks and gold for 3rd year in a row,0
0.0,1.0,0.0,0.0,"Catching up with IOTA, Staking, and More!",0
0.0,1.0,0.0,0.0,"Almost 20,000 new Bitcoin ATMs installed in 2021, more than 50 a day",0
0.0,0.923,0.077,0.3786,Here's why the market dipped! Everything explained by TA using the technique of adding some lines to convince you I'm doing something more than just seeing a pattern in a graph of a random walk!,1
0.0,1.0,0.0,0.0,My small city is being overrun by crypto scammers; and they‚Äôre all people I know.,0
0.0,1.0,0.0,0.0,My first trade (using Binance),0
0.78,0.22,0.0,-0.7964,Greed is killing me..,-1
0.231,0.769,0.0,-0.34,"Found a random bitcoin wallet, the sent/received amount is crazy",-1
0.0,1.0,0.0,0.0,"If I kept 10,000$ in savings in USD in 1975, how much depreciation will happen to it?",0
0.412,0.588,0.0,-0.4215,What's your biggest crypto regret?,-1
0.0,0.808,0.192,0.2263,"HP Servers Hijacked to Mine $110,000 Worth of Cryptocurrency",1
0.0,1.0,0.0,0.0,Satoshi Nakamoto‚Äôs identity unveiled,0
0.0,0.84,0.16,0.2263,Bitcoin mining firm Marathon orders nearly $900M worth of new machines,1
0.0,1.0,0.0,0.0,Crypto.com Coin Will Rise If it Partners With a Major Brokerage Firm,0
0.407,0.593,0.0,-0.5859,El Salvadorans Complain Loss of crypto in their Wallet,-1
0.593,0.407,0.0,-0.8074,What is your worst fear about Crypto?,-1
0.0,1.0,0.0,0.0,The scariest part of crypto is actually using it,0
0.398,0.602,0.0,-0.5106,finally some explanation: the Max Pain,-1
0.34,0.66,0.0,-0.5574,Is it illegal to buy my own NFT‚Äôs?,-1
0.362,0.638,0.0,-0.4278,Pompliano singlehandedly obliterates the Bitcoin-bad-for-environment FUD,-1
0.0,0.417,0.583,0.8555,Best of the best crypto moments of 2021,1
0.0,1.0,0.0,0.0,PC gaming and Crypto,0
0.0,1.0,0.0,0.0,"Ethereum co-founder Taylor Gerring bought an M3 Serum for $3.6 million, wants to livestream the Mega Mutant Ape reveal",0
0.0,1.0,0.0,0.0,US based Marathon Pays Record $879 Million For Mining Hardware,0
0.0,1.0,0.0,0.0,What questions should I ask myself before I sell some crypto?,0
0.0,1.0,0.0,0.0,'Ethereum Is Big Enough To Continue With Or Without Me' Says Vitalik Buterin,0
0.0,0.899,0.101,0.2263,"On December 28, there‚Äôs 434,265.43 Bitcoin-pegged or wrapped bitcoin tokens worth more than $21.3 billion across several blockchains.",1
0.0,0.787,0.213,0.4019,"Let's support Bedford FC, purchased by Peter McCormack, on Bitcoin standard",1
0.0,0.556,0.444,0.4939,Crypto winter or crypto wealth?,1
0.0,1.0,0.0,0.0,The Road to Mass Adoption: Major Milestones Hit by Crypto in 2021,0
0.106,0.69,0.204,0.4312,Elon Musk: Cryptocurrencies Are Not Perfect But Are Better Than Anything Else We Have Seen,1
0.0,0.703,0.297,0.6705,What's One Realistic Crypto Related Technology Improvement That You Would Like To See In 2022?,1
0.0,1.0,0.0,0.0,My thoughts on DCA and hodling; why it doesn't work for everyone.,0
0.0,1.0,0.0,0.0,"Instead of getting 0.5% from your local bank, flip that fiat to stablecoins and stake them for 15% -20% its that simple",0
0.0,0.853,0.147,0.4215,"A dormant address holding 500 BTC has been activated after almost 11 years. It was worth 8,425 usd on 2011. Now it‚Äôs worth 23,733,648 USD.",1
0.0,1.0,0.0,0.0,Miami to set up a decentralized indoor/outdoor air-quality monitoring network built on the Algorand blockchain,0
0.0,1.0,0.0,0.0,The year 2021 has been the year of Accumulation of Crypto. Paperhands gave their crypto to HODLERS.,0
0.296,0.435,0.27,-0.0772,"Todays Winners and losers: December 29, 2021",0
0.0,1.0,0.0,0.0,Creator looking for Crypto work,0
0.0,1.0,0.0,0.0,Genuine question,0
0.0,1.0,0.0,0.0,India's Central Bank RBI Discusses Digital Currency and CBDC Launch With Minimal Impact on Monetary Policy,0
0.0,0.71,0.29,0.6486,Why PolkaDOT value doesn't yet rally to 3 digits even with good projects under its belt?,1
0.0,1.0,0.0,0.0,Dogecoin Alternatives as Medium of Exchange,0
0.0,1.0,0.0,0.0,"Polygon (MATIC) Finally Breaks New ATH After Several Attempts, Here's Why",0
0.0,1.0,0.0,0.0,"Elon Musk guesses who bitcoin's mysterious creator, Satoshi Nakamoto, might be",0
0.0,0.779,0.221,0.5267,ADA Set To Gain Incredible Grounds As Hoskinson Reveals Groundbreaking Plans For 2022,1
0.0,1.0,0.0,0.0,Simple Token Withdraw on DripDropz for Cardano,0
0.0,1.0,0.0,0.0,"DecLandFnatics, where do you see DL in the next few years?",0
0.0,1.0,0.0,0.0,"AART: a new utility token that you can stake on Solana‚Äôs NFT exchange, SolSea, to reduce fees of purchasing NFTs.",0
0.0,1.0,0.0,0.0,NFT trading volume surpassed $13 billion in 2021,0
0.0,1.0,0.0,0.0,Solana Wallet Phantom Nixes Auction for iOS Beta Invites After Community Erupts,0
0.0,1.0,0.0,0.0,Gas DAO Token: another shitcoin on the market.,0
0.218,0.565,0.218,0.0,Addicted To Crypto? Yes. It‚Äôs real and it‚Äôs a problem.,0
0.194,0.699,0.108,-0.3818,How to convince people that our project is highly technical instead of some shit coins ?,-1
0.0,1.0,0.0,0.0,Market Update The market that never sleeps: Bitcoin corrects,0
0.0,0.75,0.25,0.25,Africa‚Äôs Poised For A Bitcoin Revolution In 2022,1
0.0,1.0,0.0,0.0,Crypto 'starts to eat the world': Peter Johnson of Jump Capital's 2022 predictions,0
0.0,1.0,0.0,0.0,Podcast: A Conversation With a Dogecoin Millionaire: An Update,0
0.0,0.572,0.428,0.4574,Crypto accounting sheets help! (https://www.cryptosheet.net/),1
0.144,0.856,0.0,-0.4939,"North Korean Hackers Have Stolen Over $1.7 Billion Of Crypto From Exchanges, And Here‚Äôs What They Are Doing With It",-1
0.0,0.8,0.2,0.3612,What will it take to make bring crypto a mainstream asset class?,1
0.0,1.0,0.0,0.0,Electricals giant Schneider Electric picks VeChain as ecosystem partner,0
0.0,1.0,0.0,0.0,The Progression of Digital Authentication,0
0.136,0.785,0.079,-0.34,Congress Routinely Violates STOCK Act; Penalties Are Uneven. Decentralized blockchain would allow us to keep an eye and audit our congress,-1
0.0,0.299,0.701,0.5719,Please secure your accounts,1
0.0,1.0,0.0,0.0,Polygon is slowly becoming the market leader in sports memorabilia NFTs,0
0.0,1.0,0.0,0.0,Telcoin: Project Overview and Price Prediction.,0
0.0,0.899,0.101,0.2023,"Here‚Äôs how much money you‚Äôd have if you invested $1,000 in 4 of the top cryptocurrencies this year",1
0.0,1.0,0.0,0.0,New Low-cap project -- investigation and analysis,0
0.0,1.0,0.0,0.0,"Crypto isn‚Äôt about making money, It‚Äôs about replacing it.",0
0.0,1.0,0.0,0.0,Gas Fees on Ethereum Got You Down? There's a New Airdrop for That,0
0.0,0.878,0.122,0.2023,WHAT NOW? Warren Blasts ‚ÄòCrypto Industry‚Äô Because Ownership ‚ÄòConcentrated Within Top 1%‚Äô | Sean Hannity,1
0.194,0.806,0.0,-0.34,"Cryptocurrency prices fall in December and investors blame omicron, climate change",-1
0.0,0.67,0.33,0.5337,Immutable X: IMX Ready To ROLL?? Complete Overview!! ü§ì,1
0.263,0.641,0.096,-0.5574,New $768 Billion Defense Bill Removes Cryptocurrencies From National Strategy Against Terrorists,-1
0.0,1.0,0.0,0.0,$300M Liquidated in a Day After Bitcoin Tumbles Below $48k,0
0.0,1.0,0.0,0.0,Preparing portfolio for 2022 - Layer 1 DeFi edition,0
0.0,0.645,0.355,0.5106,How to Stake BNB on Trust Wallet,1
0.0,0.851,0.149,0.2732,Ferrari signs a deal with Swiss Blockchain firm Velas to create NFTs for fans,1
0.0,1.0,0.0,0.0,Mexican billionaire says ‚Äòbuy Bitcoin‚Äô in New Year message,0
0.452,0.548,0.0,-0.5106,What's with all the panic?,-1
0.0,0.755,0.245,0.5994,A DAO wants to buy Blockbuster and turn it into a decentralized film streaming service,1
0.0,1.0,0.0,0.0,ASIC reveals how it infiltrated crypto ‚Äòpump and dump‚Äô Telegram groups,0
0.0,1.0,0.0,0.0,Algofi and Algorand Foundation Launch a $3M Liquidity Mining Initiative to Drive DeFi Adoption,0
0.0,1.0,0.0,0.0,is my SO being scammed? (Probably),0
0.0,0.845,0.155,0.6486,Alibaba Co-founder Joe Tsai: ‚ÄòI Like Crypto‚Äô. What might be a mundane remark but is interesting coming from a man of Tsai‚Äôs stature and the current crack down of cryptocurrencies by Chinese authorities.,1
0.0,1.0,0.0,0.0,How to learn an expensive drinking lesson with Crypto,0
0.0,1.0,0.0,0.0,Comment: Tim Cook said Apple is looking at cryptocurrency ‚Äì Here's what the company is likely to do,0
0.0,0.775,0.225,0.4404,"Christmas Delivers $50,000 Gift to Bitcoin in Tandem With Bullish Analytics",1
0.0,0.769,0.231,0.34,Educational: How to use SushiSwap securely with a hardware wallet,1
0.0,0.738,0.262,0.4939,Thinking of advising my friend in Ghana to buy stablecoins.,1
0.345,0.655,0.0,-0.5859,Critical Polygon bug put $24 billion in tokens at risk until recent hard fork.,-1
0.0,0.859,0.141,0.2023,"Meme Token Economy Climbs 14% in 2 Weeks ‚Äî DOGE, SHIB Command 83% Dominance",1
0.0,0.755,0.245,0.3818,Crypto.com Becomes Gold Member of Singapore Blockchain Innovation Programme,1
0.0,0.684,0.316,0.5707,BAT purchases by Brave. Very bullish numbers for BAT!,1
0.0,0.725,0.275,0.5859,Next-gen AMM holds successful round led by PolyChain Capital's Beacon Fund,1
0.0,1.0,0.0,0.0,"Thoughts on Cryptobacked banking, are they key for mass adoption?",0
0.0,1.0,0.0,0.0,RBI Says India Will Initially Go for Basic Model For CBDC,0
0.0,1.0,0.0,0.0,What's you're resolution for 2022 in crypto and Investing?,0
0.0,1.0,0.0,0.0,Binance UNBANNED in Ontario,0
0.062,0.847,0.09,0.0644,"""People buy into bitcoin in expectation of handsome returns. That expectation is sustained by the profits of those who cash out. But there is no external source of income."" I still feel early when Trad-Fi media is still running this Boomer trope.",0
0.0,1.0,0.0,0.0,A quick recap of the major Polygon projects/announcements/collaborations in 2021 before the year ends,0
0.0,0.642,0.358,0.4199,New Moons Are Ready! (Round 21),1
0.0,1.0,0.0,0.0,Ontario Binance Users - Email Update,0
0.072,0.892,0.036,-0.4404,"You‚Äôve surely heard countless times that price means nothing, and that market cap is the metric with meaning, but are you aware that supply is as devoid of meaning as price? Here is a simple analogy to explain how price and supply are BOTH meaningless until they have been multiplied together.",-1
0.0,1.0,0.0,0.0,First Mover Asia: Bitcoin Slumps to Below $48K Ahead of $6B Options Expiry,0
0.0,1.0,0.0,0.0,What are your crypto related new year's resolutions?,0
0.0,0.526,0.474,0.4019,Bitcoin‚Äôs Volatile Holiday Season,1
0.0,1.0,0.0,0.0,"Before Investing in a Crypto, Consider ""Where Does it Sit in the Blockchain Trilemma?""",0
0.0,1.0,0.0,0.0,Crypto Broker Voyager Faces Proposed Class-Action Suit Over Trading Fees,0
0.0,1.0,0.0,0.0,Arculus Cold Storage Wallet -- Legit?,0
0.0,1.0,0.0,0.0,Portfolio Question,0
0.0,0.73,0.27,0.5859,"Anyone looking into Play to Earn, here's my 45 days experience in a few games I played.",1
0.0,1.0,0.0,0.0,"Why does the entire Crypto market slump because Bitcoin does? Over asked question, I know, but hear me out.",0
0.165,0.625,0.21,0.2023,Why Your precious Mana or SAND might be worthless in a year or two.,1
0.0,1.0,0.0,0.0,Satoshi in California,0
0.381,0.619,0.0,-0.7906,"Bitcoin Is Under Attack From All Sides ‚Äì No Problem, Its Revolution Has Always Progressed This Way",-1
0.559,0.441,0.0,-0.5859,‚ÄúPlay-to-earn‚Äù and Bullshit Jobs,-1
0.177,0.6,0.223,-0.0644,"Why is LN even a thing? Instant + free value transfer already exists, but Blockstream feigns ignorance & plows ahead with clunky l2 to solve the tiny-block problem that they themselves created.",0
0.0,0.882,0.118,0.2951,"I don't pay in Crypto even if there's an option to do so, because I know that it will be worth more than if I just paid in Fiat.",1
0.0,0.738,0.262,0.4939,Iran Banning Crypto Mining Until March 6 to Save Power: Report,1
0.0,0.645,0.355,0.5106,Trust wallet not auto generating gas fees?,1
0.0,1.0,0.0,0.0,"European telecom giant, Deutsche Telekom, partners with Polkadot and Obtains DOT tokens",0
0.0,1.0,0.0,0.0,"TIL: Turkeys Government sued 38 Economists in 2019 because they Predicted extreme Inflation, the Trial started in late 2021, but the Judge did not appear because the Economists Prediction was not only Fullfilled, but Exceeded",0
0.0,1.0,0.0,0.0,"Partnership Between COTI and ErgoDEX To Integrate Djed, The Cardano-based Stablecoin.",0
0.0,1.0,0.0,0.0,My flights have predicted the price of Bitcoin now three times in a row,0
0.0,1.0,0.0,0.0,Do any VPNs work with decentralized exchanges?,0
0.444,0.556,0.0,-0.8402,Banks Tried to Kill Crypto and Failed. Now They‚Äôre Embracing It Slowly,-1
0.0,1.0,0.0,0.0,CEO of J.P Morgan Chase Jamie Dimon's opinion on Bitcoin,0
0.0,1.0,0.0,0.0,5 Gold-Backed Cryptocurrencies Compared For 2021,0
0.177,0.707,0.116,-0.296,"Temporarily selling my BTC for IOTA - Please tell me if this is a bad idea, and why",-1
0.0,1.0,0.0,0.0,"Tax season is coming, how is it looking for everyone else in US?",0
0.0,1.0,0.0,0.0,What Are Your Thoughts On NFTs?,0
0.0,1.0,0.0,0.0,Decentralized universities will have a major role in making crypto and blockchain technology mainstream,0
0.066,0.849,0.085,0.128,"It‚Äôs responsible to store fiat in banks, not as cash under a mattress. Do you think eventually using private wallets will be seen as too risky?",0
0.0,0.594,0.406,0.6249,Ethereum Remains a Great Vehicle For Crypto Exposure,1
0.119,0.881,0.0,-0.4019,"Polygon (MATIC) hacked, why was this never brought up? First I heard of it, they even paid bounty of 3.46M to hackers.",-1
0.265,0.702,0.033,-0.8988,"If politicians failed to comply with a law,then $200 fine (which can be waived off) but if you failed to comply with new Crypto related provisions in Infrastructure bill then prison and fines for you!",-1
0.226,0.323,0.452,0.4767,Best low rank coin exchange?,1
0.0,0.87,0.13,0.128,The Prime Minister of India has recently launched blockchain-based digital degrees,0
0.0,0.762,0.238,0.3612,Anyone else feel like the big rush is over?,1
0.0,1.0,0.0,0.0,Go educate your family about Bitcoin,0
0.0,0.659,0.341,0.4767,Update regarding investment strategy with friends part 3,1
0.12,0.712,0.168,0.2168,"Is Technical Analysis ACTUALLY Horseshit? Yes, No, Maybe, I don't know? Can you repeat the question.",1
0.143,0.649,0.208,0.25,A simple reason why NFTs will succeed and why you are missing out.,1
0.0,1.0,0.0,0.0,Genuine Question,0
0.065,0.848,0.087,0.2244,pakistan: Pakistan owns more cryptocurrency than foreign reserves: Federation of Pakistan Chambers of Commerce and Industry report - Times of India. Just shows that people are starting to lose trust in fiat now. Mass adoption on the way!,1
0.0,0.748,0.252,0.4019,Donations to qualified charitable organizations are *not* taxable events,1
0.0,1.0,0.0,0.0,I took a 2 weeks+ break from everything crypto,0
0.0,0.678,0.322,0.6908,Magnus Carlsen recently played a bullet chess arena that had 1 BTC as its 1st prize.,1
0.0,1.0,0.0,0.0,Velas powers into Formula 1 with multi-year Scuderia Ferrari partnership ‚Äì CryptoMode,0
0.51,0.49,0.0,-0.6369,Ignore the Metaverse at your own peril,-1
0.0,1.0,0.0,0.0,"Polygon contributes $500,000 in MATIC to Ethereum prediction dApp SportX",0
0.0,0.846,0.154,0.7269,Someone created an NFT Replica site to duplicate your favourite NFTs for cheap. You will need 0.005 ETH to replicate NFTs that are worth ‚ÄúMillions‚Äù and you can also sell on OpenSea for cents. This is Right click + Save with extra steps.,1
0.302,0.698,0.0,-0.3818,Thetan Arena Battles Axie Infinity in ‚ÄòPlay-to-Earn‚Äô,-1
0.0,1.0,0.0,0.0,Jack and Elon's tweet about web 3.0 is something we should discuss!!,0
0.0,1.0,0.0,0.0,It was almost great...,0
0.0,0.818,0.182,0.4404,"HEADLINE ""Elon Musk thinks Dogecoin is better fundamentally than any other coin he's seen""",1
0.0,1.0,0.0,0.0,2022 and Beyond,0
0.0,0.87,0.13,0.507,"Dogecoin Co-Founder on why he will never return to the project: ""The more he dedicated to the project, the community treated him worse.""",1
0.0,0.709,0.291,0.7506,Please help me access my gains in a third world country. What exchanges or services can I use to withdraw funds to Nicaragua?,1
0.0,1.0,0.0,0.0,Grichka Bogdanoff Dies of Covid at 72,0
0.231,0.769,0.0,-0.4019,Voyager Digital Sued for Allegedly Misleading Investors on Trading Fees,-1
0.0,1.0,0.0,0.0,Iota staking is now live! If you have some Iota take it off exchange and stake in the firefly wallet!,0
0.0,0.789,0.211,0.34,Would you replace your job with play to earn gaming?,1
0.0,0.771,0.229,0.8779,"Long-term investors would surely go for the technology projects and that‚Äôs probably the right move, but if you think about it, it‚Äôs always nice to have fun investing in some meme coins and making some quick money.",1
0.0,0.588,0.412,0.5994,Payments infrastructure platform helps crypto exchanges increase customer conversion,1
0.098,0.902,0.0,-0.34,Stressed about tracking all of your transactions this year for tax season? There are plenty of services that will do that for you.,-1
0.0,1.0,0.0,0.0,Use TVL to Spot the Next Hot Coin | Crypto Market Update 12.28,0
0.307,0.693,0.0,-0.4767,What are the attack vectors for a hot wallet?,-1
0.0,1.0,0.0,0.0,Traded some leftover LTC for ALGO and tried out their ecosystem today.,0
0.0,1.0,0.0,0.0,"El Salvador‚Äôs Citizens Claim Their Bitcoins Are Mysteriously Vanishing From Their Chivo Wallet, Government Keeps Silent",0
0.0,1.0,0.0,0.0,Veterens: Are altcoins today more likely to survive than 2017?,0
0.0,0.662,0.338,0.6266,Bitcoin Long-Term Holders Stay Strong Despite $20K Drop From Last Month‚Äôs High,1
0.394,0.606,0.0,-0.4404,Power Deficit Forces Crypto Miners to Leave Kazakhstan,-1
0.0,1.0,0.0,0.0,"Where To Put $1,000 In Your Cryptocurrency Portfolio On New Year‚Äôs Day",0
0.051,0.86,0.09,0.1406,"A massive number of coins (70,000 BTC) have been sent to Binance this week, including 8000 today alone. This is a hugely bearish sign. It would be prudent to see how this plays out before trading these choppy waters",0
0.0,0.797,0.203,0.4215,Using my CDC Visa card for a year and a half saved me $10k,1
0.0,0.484,0.516,0.7506,Best stable coin to lock up money in,1
0.425,0.575,0.0,-0.5719,HiveOS stealing from open source developers,-1
0.096,0.741,0.163,0.2023,"My wife and I disagree. We've reached our crypto goal of a house downpayment. She says pull now before interest rates spike, I say HODL. Thoughts?",1
0.0,1.0,0.0,0.0,Ether beats Bitcoin in 2021 as volatility suddenly takes a bite,0
0.0,1.0,0.0,0.0,"What Is Highstreet (HIGH)? Features, Tokenomics, and Price Prediction",0
0.083,0.789,0.128,0.296,We All Need to Stop Only Seeing the Dark Side of Crypto. Finally an article in a mainstream magazine on the positives of crypto.,1
0.0,1.0,0.0,0.0,Decentralisation is the ONLY point of crypto,0
0.0,0.549,0.451,0.802,Smart people will embrace these times and be rewarded in the long run.,1
0.0,1.0,0.0,0.0,How can I invest in NFT technology?,0
0.167,0.833,0.0,-0.5574,"Thailand‚Äôs Crypto Mining Industry Grows after China‚Äôs Ban, There are more than 100,000 retail crypto miners in the country.",-1
0.0,1.0,0.0,0.0,"Someone has managed to mine Bitcoin on an Nintendo Game Boy, which was released a full 20 years before Bitcoin was even invented",0
0.0,1.0,0.0,0.0,UK example of Paying for something with Cryptocurrency?,0
0.0,1.0,0.0,0.0,"What is CAP crypto & why its volume soared over 293,665,275%?",0
0.0,0.828,0.172,0.481,Clearwater Beach has a new crypto-themed restaurant with ‚ÄòDogedog‚Äô hot dogs - Will this help with overall adoption,1
0.0,0.68,0.32,0.5106,Bridge Tutorial: Ethereum To Fantom + Free FTM Faucet,1
0.0,1.0,0.0,0.0,FOMO and how to handle it,0
0.189,0.811,0.0,-0.1027,The paradox of a 1000x micro cap gem.,0
0.0,1.0,0.0,0.0,11 Real world uses for crypto,0
0.0,1.0,0.0,0.0,What was the first thing you bought with your crypto earnings?,0
0.0,1.0,0.0,0.0,"Just a reminder that since 2017 Bitcoin went -30% in a month ten times, but the price is up 50x over the period.",0
0.0,1.0,0.0,0.0,This Man Predicted Bitcoin back in 1999,0
0.0,0.704,0.296,0.2732,Digital IDs - The New Nuclear Energy?,1
0.089,0.911,0.0,-0.1419,North Korea is hodling $1.7 billion from crypto hack hauls. I don't like this but I will take this.,0
0.127,0.545,0.327,0.3182,Top projects with Low Mid-Market Cap Invested by Top Ventures | Crypto Top 10,1
0.0,0.833,0.167,0.5859,"This is why Polygon is one of my favorite projects. I believe –úATIC has nothing to prove now, it deserves to be among the top 10 cryptocurrencies.",1
0.0,1.0,0.0,0.0,Over $80 billion outflows crypto market in 24 hours as BTC slides below $50k,0
0.189,0.811,0.0,-0.2732,$3.5 Million Mega Mutant Serum Bored Ape Yacht Club Reveal,-1
0.0,1.0,0.0,0.0,About ‚ÄúTop 10 crypto altcoins to invest- insert year-‚Äú and other similar articles and YouTube videos.,0
0.0,0.924,0.076,0.4926,"Aleph Zero is a peer-reviewed super-efficient blockchain, showcasing a mix of transparent and privacy features. Everyone in for the tech should check it out! It also might be a good investment as it's not trading anywhere yet. Here's my interview with the founders.",1
0.0,1.0,0.0,0.0,A new intro to Bitcoin: The 9-minute read that could change your life,0
0.0,1.0,0.0,0.0,sending money between countries,0
0.248,0.752,0.0,-0.5106,How the Fed failed us by printing $3.5T in an experiment,-1
0.157,0.843,0.0,-0.0772,Crypto lobbying kicked into high gear this year,0
0.444,0.556,0.0,-0.4939,Alot of NFTs are stolen.,-1
0.0,0.794,0.206,0.431,Leverage Trading Isn't That Bad If You Understand And Use It Correctly,1
0.0,0.886,0.114,0.2023,New NBER study found that the top 1% of Bitcoin hold 27% of total supply,1
0.0,1.0,0.0,0.0,FTX US to Offer Crypto Derivatives and NFT Services to Customers,0
0.0,0.845,0.155,0.0258,IOTA withdrawal is now possible on Binance,0
0.084,0.727,0.189,0.4404,If you had any money in a bank account this year instead of in stable coins collecting interest you lost ~6.8% of your money.,1
0.0,1.0,0.0,0.0,GameStop (GME) NFT marketplace website updated with creator application form,0
0.13,0.87,0.0,-0.4574,"Gibraltar being a tax haven, nobody ever had a problem. Now Gibraltar announced its plan to become a Crypto hub,Sanctions are back on Menu!",-1
0.0,1.0,0.0,0.0,What is the one thing that you think will make Cryptos go parabolic?,0
0.0,1.0,0.0,0.0,Elon Musk guesses who bitcoin's mysterious creator (Satoshi Nakamoto) might be,0
0.0,1.0,0.0,0.0,What coin would you HODL through a zombie apocalypse?,0
0.0,0.676,0.324,0.34,Real Phishing Attempt and Security Advice,1
0.191,0.72,0.089,-0.4767,"With positive crypto articles in mainstream media being posted here almost every day, have you ever considered that there is no big conspiracy and not all mainstream media is unfairly biased against crypto?",-1
0.047,0.872,0.081,0.128,"Careful with the pointless DAO tokens that are being created out of thin air, kicked off by a bored dude getting blazed in his basement. SOS and now GAS. Money doesn't come from thin air, don't be the last one holding the bags",0
0.15,0.85,0.0,-0.1511,Senator Warren claims that cryptocurrency will not solve financial inequity.,0
0.0,0.714,0.286,0.4939,Just a friendly reminder that this OP still hasn't delivered,1
0.0,0.711,0.289,0.6705,Do you want more people to enter the crypto world to accelerate mass adoption or to increase your profit?,1
0.0,0.901,0.099,0.3182,Avenged Sevenfold just dropped NFT tickets to one of their headlining shows to all of their fan club members. Art by Popwonder,1
0.0,1.0,0.0,0.0,Ferrari Enters the NFT Universe by Partnering With Swiss Blockchain Developer,0
0.224,0.776,0.0,-0.3818,"Ethereum Price Dips Below $4,000, As Whales Increasingly Dump ETH",-1
0.0,0.737,0.263,0.3612,Tesla Model Pi Smartphone Will Be Crypto Ready,1
0.0,1.0,0.0,0.0,"Bitcoin is going to the moon, boomer meme compilation 2021",0
0.0,1.0,0.0,0.0,Ethereum-Based Altcoin Quietly Rallies 122% in Five Days While Bitcoin and ETH Dip,0
0.366,0.634,0.0,-0.6369,"Ethereum Price Analysis: ETH rejects downside at $3,700, recovery incoming? | Cryptopolitan",-1
0.0,0.642,0.358,0.3034,EXCLUSIVE: Fetch.ai announce 2022 plans,1
0.122,0.878,0.0,-0.4364,"Anyone else find it ironic how so many low quality 'Metaverse' clones and vaporware are scurrying to cash in on the buzzword, totally nullifying the meaning of the term 'Metaverse'",-1
0.0,0.758,0.242,0.6249,I'm opening a private psychiatry practice soon and would like to accept Crypto as payment - could use some guidance.,1
0.0,0.737,0.263,0.3612,"German telecom giant supports Polkadot, acquires DOT tokens",1
0.0,0.508,0.492,0.4404,Which strategy is better?,1
0.0,1.0,0.0,0.0,What sources do you use for crypto news/research/podcasts?,0
0.256,0.744,0.0,-0.4767,"Banks should be ashamed of their ""high yield"" savings accounts",-1
0.0,0.826,0.174,0.2732,We should create our own DAO and hire lobbyists in Washington,1
0.0,1.0,0.0,0.0,Elon Musk Offers His Theory On The Identity Of Bitcoin Godfather Satoshi Nakomoto,0
0.0,1.0,0.0,0.0,"After Bitcoin ETF, ProShares Plans Metaverse Fund",0
0.176,0.588,0.235,0.2263,"The ""Ethereum is only for the rich"" narrative is wildly misleading",1
0.327,0.458,0.216,-0.4019,Bitcoin mining difficulty stalls as profitability reaches lowest point in 5 months,-1
0.0,0.769,0.231,0.4588,What is the best/most consistent way to earn interest on stablecoins?,1
0.0,1.0,0.0,0.0,"Bitcoin (72%) and Ethereum (456%) vastly outperformed gold in 2021, which had an ROI of -5.26%",0
0.0,1.0,0.0,0.0,"After the Turkey lira melts 34%, the country prepares bill to regulate cryptocurrencies",0
0.0,0.693,0.307,0.8133,Not every price drop needs to have a reason. These are the characteristics of a free market and that is what a free market does.,1
0.0,0.435,0.565,0.3818,BlockFi Credit Card,1
0.267,0.545,0.188,-0.3182,Did you ever hear the tragedy of Grichka Bogdanoff the Wise?,-1
0.0,0.853,0.147,0.2263,Nearly $ 5 billion worth of ETH has been burned in the past 4 months,1
0.0,1.0,0.0,0.0,CARDANO's strategy TO TAKE OVER THE WORLD BY 2025 has been right in front of your very eyes: an overview of what's to come in 2022 + why Africa is the key!,0
0.0,0.828,0.172,0.4404,I made a DCA trading bot for Binance that will automate your strategy and provide better reporting,1
0.423,0.577,0.0,-0.296,Oh no another dip....,-1
0.0,1.0,0.0,0.0,"S&P 500 closes at an all-time high for the 70th time, second-most in a single year behind 1995.",0
0.223,0.777,0.0,-0.3182,What bothered you the most about Crypto in 2021?,-1
0.0,1.0,0.0,0.0,Staking and taxes in the U.S,0
0.0,1.0,0.0,0.0,S&P Global Ratings Study Predicts Crypto and Decentralized Finance Will Continue to Grow in 2022.,0
0.0,0.864,0.136,0.25,"An increasing number of companies worldwide are using bitcoin and other digital assets for a host of investment, operational, and transactional purposes",1
0.0,1.0,0.0,0.0,The last moon distribution before 2022 is on its way. Here are some misconceptions and things you should know,0
0.108,0.784,0.108,0.0,What would you buy and Hodl for 10years if you had 10000$ to buy ? No stable coins included,0
0.0,1.0,0.0,0.0,Hardware Wallet Developer Ledger Introduces a Debit Card for Cryptocurrency,0
0.0,1.0,0.0,0.0,"Market Update Bringing up the rear, Europe: 20,000 new bitcoin ATMs in 2021",0
0.0,1.0,0.0,0.0,How Ethereum Will Be Transformed in 2022,0
0.0,1.0,0.0,0.0,Italian Sports Car Maker Ferrari Inks Multi-Year Deal With Blockchain Firm,0
0.0,1.0,0.0,0.0,Over 90% of Exchange Altcoin Supply Held by Whales Despite Correction From All-Time High.,0
0.0,1.0,0.0,0.0,Layer-1 Tokens Could Set Pace in 2022 with MATIC Consistency,0
0.0,1.0,0.0,0.0,Binance - update for Ontario,0
0.0,0.83,0.17,0.5994,"This isn't for the feint of heart, If you want to get rich off this then you're going to have to hold through thick and thin.",1
0.0,0.77,0.23,0.2714,Bullish Signal? Ethereum Market Dominance Sitting Above 20%!,1
0.0,1.0,0.0,0.0,"Here‚Äôs How High Ethereum (ETH) Can Soar in 2022, According to Crypto Analyst Micha√´l van de Poppe - The Daily Hodl",0
0.0,1.0,0.0,0.0,Terra's UST Becomes First Decentralized Stablecoin To Surpass $10B Market Cap,0
0.0,1.0,0.0,0.0,"Everyone heard of Crypto.com, but have you ever heard of Crypto.org? This is why this is very bullish for CRO!",0
0.0,1.0,0.0,0.0,Sonar Platform Beta Phase: All You Need To Know,0
0.298,0.702,0.0,-0.5267,How big of a threat is quantum computing to crypto?,-1
0.0,0.763,0.237,0.4199,"On this Day, Last Year, Cryptocurrency prices looked like this!",1
0.22,0.78,0.0,-0.5423,No one who ever purchased Bitcoin and held onto it for over three years has EVER lost money.,-1
0.142,0.615,0.243,0.2827,If crypto is worth nothing. Then why are governments so eager to regulate and censor it?,1
0.0,0.878,0.122,0.2023,3 out of the top 5 cryptocurrencies are centralized. This is not what crypto is about.,1
0.265,0.735,0.0,-0.5009,Why is it so difficult to sell tokens for Fiat ?,-1
0.0,1.0,0.0,0.0,$2.5T crypto market will not wait for nations to onboard: WazirX CEO,0
0.0,1.0,0.0,0.0,Can a Monkey out Perform Bitcoin?,0
0.0,1.0,0.0,0.0,Newbie Question l- Banano!,0
0.0,1.0,0.0,0.0,What are you doing with your ETH?,0
0.102,0.709,0.189,0.296,Solana Threatens To Flip Ethereum‚Äôs NFT Dominance. Solana‚Äôs faster transaction speed is rapidly making it a favorite for minting and trading NFTs.,1
0.283,0.635,0.082,-0.657,Share your LOSS PORN! Survivorship Bias is rampant in crypto and we need these as a reminder that it's not all glory.,-1
0.0,0.849,0.151,0.4939,"Friendly reminder to use cold wallets and 2FA : What Is the Log4j Flaw, and How Does it Affect You?",1
0.0,0.585,0.415,0.907,"I love utility coins but I‚Äôll be honest, memecoins were by far the most profitable for my portfolio this year",1
0.0,1.0,0.0,0.0,"The Satoshi Mystery - The Story of Bitcoin - The Satoshi mystery does a lot for the mystique of Bitcoin, BTC will forever stay a mystery.",0
0.0,1.0,0.0,0.0,A Record Breaking Year for Cryptocurrency,0
0.0,0.795,0.205,0.4767,"Those that got in this year [2021], how are you ending it % wise?",1
0.0,1.0,0.0,0.0,Designing Next-gen Yieldly Products With TEAL 5 Upgrades,0
0.0,0.777,0.223,0.5106,"Since August 5, 2021, approximately 1,283,226 ethereum worth close to $5 billion in value has been burned.",1
0.0,1.0,0.0,0.0,LucidPay to launch Tezos-based stablecoin for the hospitality industry,0
0.0,0.866,0.134,0.1779,Crypto makes history in 2021: Five instances of governments embracing digital assets,0
0.0,1.0,0.0,0.0,What's your DCA strategy?,0
0.086,0.786,0.129,0.1531,What cryptocurrencies will enter and leave the Top 10 Market Cap within 2022?,0
0.142,0.672,0.187,0.1531,"It's like financial advice: Ricardo Salinas: forget fiat, buy Bitcoin (BTC)",0
0.0,0.647,0.353,0.5994,Ok let‚Äôs coordinate. Who‚Äôs bringing what to the New Years party?,1
0.286,0.714,0.0,-0.5574,"Grichka, one of the two Bogdanoff brothers, died at 72",-1
0.0,0.614,0.386,0.8316,"The truth is, for a lot of people, leaving their coin on a big CEX is the best solution.",1
0.0,1.0,0.0,0.0,Myths About Blockchain You Must Not Believe!,0
0.0,0.86,0.14,0.4449,Crypto trading is surging in Nigeria despite a government ban. These young traders explained why they got in the game.,1
0.0,0.597,0.403,0.6597,A healthy correction is what this market needs for a healthy bullrun,1
0.0,1.0,0.0,0.0,5 Ways Ethereum Will Be Transformed in 2022,0
0.0,1.0,0.0,0.0,Remember to not disclose your crypto holdings,0
0.0,0.556,0.444,0.802,What is the best way to benefit financially from the metaverse?,1
0.0,0.779,0.221,0.1779,Aave Takes Real World Assets As Collateral,0
0.0,1.0,0.0,0.0,GME marketplace requires GameStop's permission to list an NFT. This isn't web3,0
0.0,1.0,0.0,0.0,Polygon (MATIC) Signs Deal With Web Browser,0
0.0,0.726,0.274,0.2225,Crypto Solar Tree anyone?! I want one!,1
0.077,0.923,0.0,-0.2732,Even though I buy high and sell low I‚Äôve been able to hold my money a lot longer having it in crypto versus the bank. How about you?,-1
0.0,1.0,0.0,0.0,ProShares Files for Metaverse ETF,0
0.0,1.0,0.0,0.0,ProShares Files Application With SEC for a Metaverse ETF,0
0.0,1.0,0.0,0.0,Every Major Ethereum Token Airdropped in 2021 Is Down Over 50%,0
0.0,0.878,0.122,0.2714,"The 117th Congress Introduced 35 Bills Related to Crypto. If anything, this means Crypto is important!",1
0.0,0.794,0.206,0.3818,I think crypto credit cards will have a major impact on mainstream adoption,1
0.0,0.764,0.236,0.5719,I have actually been accumulating during this accumulation phase and it is working beautifully.,1
0.279,0.721,0.0,-0.6605,Let's be a little serious for a moment. So have anyone here actually made a killing with reselling NFTs?,-1
0.0,0.625,0.375,0.2023,Top picks for 2022,1
0.127,0.873,0.0,-0.4939,More than 80% of BTC and ETH trades are done using USDT. So the fall of Tether could prove catastrophic for the market,-1
0.189,0.559,0.252,-0.0258,Want to learn a cool secret to reduce your percentage of losses?,0
0.0,1.0,0.0,0.0,"Just a heads up, we are testing a possible neck line on a H&S pattern and what this could mean",0
0.195,0.805,0.0,-0.5255,"My bull case and why I'm all in on Ether, tell me how I'm wrong!",-1
0.0,1.0,0.0,0.0,"As my New Year's resolution I am going to be sifting through all the new cryptocurrencies, so that you don't have to.",0
0.0,0.775,0.225,0.4404,Stellar Lumens (xlm) Recap In Year 2021 And 2022 Is Bright,1
0.0,1.0,0.0,0.0,Time to Brag: What's the coolest thing you've done with crypto in 2021?,0
0.099,0.723,0.178,0.1531,"""Vitalik Buterin states that Ethereum has failed if the network faces scalability challenges"". Do you think that eventually solutions like Matic or Loopring will be the only solutions?",0
0.819,0.181,0.0,-0.6739,NFTs WTF,-1
0.142,0.78,0.078,-0.2023,"A recent lawsuit filed by Empower Oversight, a non-profit government watchdog group, claims former Securities and Exchange Commission (SEC) officials were biased against Ripple Labs and XRP",-1
0.0,0.87,0.13,0.128,Binance is Legal in Ontario Canada Now (updated: Dec 29 2021),0
0.0,0.832,0.168,0.7717,Bitcoin dominance has slid from 71% to 41% in the span of a year and Ethereum's smart contract dominance has slid from 80% to 60%. This goes on to prove that crypto ecosystem is thriving with newer projects which are increasingly giving competition to the first gen coins.,1
0.0,1.0,0.0,0.0,An opinion on IOTA and IOTA 2.0,0
0.0,1.0,0.0,0.0,Oh Elon‚Ä¶,0
0.0,0.651,0.349,0.7096,Genesis Trading Sees 'Strong Signs' of Institutional Crypto Investment Growth Accelerating Next Year,1
0.156,0.758,0.085,-0.3612,"Top 10 Cryptocurrencies that Will Touch the Moon in 2022 - Dumbest list ever, ranking Tether as a mooning coin",-1
0.0,0.836,0.164,0.7096,"Thermic Science Acquires VIPOnline an International Bank and Crypto/Blockchain Clearing & Trust Company, Establishing Hybrid Traditional Banking with Crypto/Blockchain Options for Account Holders, Including Credit & Debit Cards, Crypto Wallets, Bank Wires, and More",1
0.0,1.0,0.0,0.0,More bullish predictions for ONE - 15% rise by end of week,0
0.0,1.0,0.0,0.0,FTM surges as investors search for next layer one,0
0.242,0.558,0.2,0.0857,"""LIKE REALLY...""Power Deficit Forces Crypto Miners to Leave Kazakhstan ‚Äì Mining Bitcoin News",0
0.161,0.839,0.0,-0.3182,"Ethereum whales dumping ETH as price slides below $4K, data shows By Cointelegraph",-1
0.0,0.877,0.123,0.4215,"2021 is about to end, you weren‚Äôt lucky to be here you got through couple of ‚ÄúBear markets‚Äù to be here.",1
0.0,0.8,0.2,0.25,Bitcoin wallet addresses created in November inches toward a million,1
0.0,1.0,0.0,0.0,Italian Sports Car Maker Ferrari Inks Multi-Year Deal With Blockchain Firm Velas Network AG ‚Äì Blockchain Bitcoin News - Kyindo,0
0.0,1.0,0.0,0.0,The future will be feeless (Change my mind),0
0.0,0.885,0.115,0.0772,Number of Non-Zero Ethereum Addresses Hits Record High Above 71M: Glassnode,0
0.362,0.638,0.0,-0.1779,This market is weird,0
0.0,1.0,0.0,0.0,"Dogecoin Creator Billy Markus Owns Only about 220,000 Dogecoin Coins, Which is Roughly $40,000",0
0.0,1.0,0.0,0.0,The classic,0
0.0,0.69,0.31,0.4019,Help with long term strategy for a newcomer?,1
0.0,1.0,0.0,0.0,"Why AR, not VR, will be the heart of the metaverse",0
0.0,1.0,0.0,0.0,New community points have started to arrive,0
0.0,1.0,0.0,0.0,Stablecoins from the perspective of a 3rd world country guy,0
0.0,1.0,0.0,0.0,Very bullish for BAT! The Companies running ad campaigns are getting mainstream!,0
0.0,0.775,0.225,0.4404,"80% Of Ethereum Holders Remain In Profit Despite Fall Below $4,000",1
0.0,0.811,0.189,0.636,24k gone forever. DRILL & HAMMER into the HEADS of your loved ones to keep WRITTEN records of their information!,1
0.168,0.832,0.0,-0.2057,"(""Enter Cryptocurrency name here""), Ponzi or Not? Well, it depends.",-1
0.224,0.56,0.216,-0.0258,Gold price falls below support as Omicron fears persist,0
0.0,1.0,0.0,0.0,"Former South Carolina governor candidates' bitcoin company bought 19,000 more miners",0
0.0,0.816,0.184,0.5599,Hedera (HBAR) Has Passed 2 Billion Total Mainnet Transactions Today! HUGE Milestone For Them and Crypto In General!,1
0.0,0.744,0.256,0.8939,The only way crypto gaming could see mass adoption is through free to play model with play to earn business design. Not many (closer to none) people would make an initial investment to play into a game which hardly feels like a 2001 game.,1
0.221,0.7,0.079,-0.503,TA has some important clues about the future of market and it will not be wise to ignore it.,-1
0.0,1.0,0.0,0.0,A beginner's guide to cryptocurrency,0
0.0,1.0,0.0,0.0,Ray Dalio and Lex Friedman on Bitcoin,0
0.0,1.0,0.0,0.0,2022 is less then 3 days away‚Ä¶ What‚Äôs your plan?,0
0.0,1.0,0.0,0.0,This sub is extremely closed minded,0
0.0,0.794,0.206,0.3818,Why are traditional banks against defi when it benefits them too?,1
0.478,0.522,0.0,-0.6705,Cryptomining Attack Exploits Docker API Misconfiguration Since 2019,-1
0.224,0.776,0.0,-0.3802,"Be skeptical of everything, even when people apparently show proof!",-1
0.0,1.0,0.0,0.0,New study finds that crypto investors are more narcissistic than average,0
0.0,1.0,0.0,0.0,Mexico would have its national cryptocurrency by 2024,0
0.0,1.0,0.0,0.0,Community Points and Future Subreddits,0
0.0,1.0,0.0,0.0,Who has the greenest crypto? Environmentally speaking‚Ä¶,0
0.318,0.682,0.0,-0.4215,Is anyone else guilty of doing this?,-1
0.0,1.0,0.0,0.0,"Podcast: The rise of blockchain games, and what happens next | Venly Expert Talks Ep. 9",0
0.045,0.777,0.178,0.5556,"Don't be lazy, do yourself a favor and learn as much as possible if you don't want to be behind in the World of Crypto.",1
0.0,1.0,0.0,0.0,How do I find out the purchasing price of a shitcoin token from a year ago at a specific time?,0
0.0,1.0,0.0,0.0,Ozzy Osbourne announces NFT collection Cryptobatz,0
0.138,0.778,0.084,-0.2263,"If you find it difficult to take profits when things are going up, don‚Äôt despair. Nothing has changed in over 300 years. Let me introduce you to ‚ÄúThe Mississippi Bubble‚Äù",-1
0.216,0.719,0.066,-0.5423,Why Curve Wars matter and why you should get involved in it? [part 1],-1
0.0,1.0,0.0,0.0,"Here‚Äôs What‚Äôs Next for Chainlink (LINK) Moving Into 2022, According to Crypto Analyst Benjamin Cowen - The Daily Hodl",0
0.0,1.0,0.0,0.0,AVAX win--Crypto: Mastercard's partnership with avalanche demonstrates ‚Äòcomfort level‚Äô with blockchain,0
0.0,0.735,0.265,0.2023,Top 10 crypto coins are bearish?,1
0.204,0.796,0.0,-0.8271,"It is now Illegal in Turkey to Criticize Inflation, The Government is Sueing People who Criticized Inflation on Social Media: And They Wonder Why We Prefer Crypto? Savings of Millions of People are Gone to extreme Inflation",-1
0.0,1.0,0.0,0.0,Bitcoin and JASMY on sale,0
0.089,0.724,0.187,0.4588,"If you knew crypto would be valued this much 5 years ago, would you still have cared about every local pump and crash along the way?",1
0.0,0.625,0.375,0.6369,Which Cryptocurrency Is The Best Hedge Against Inflation?,1
0.102,0.722,0.177,0.3873,Let‚Äôs talk Metaverse. Does anyone SERIOUSLY want to BUY digital land for significant amounts of crypto to build a digital dream home on to mess around in with friends in VR? What will people actually use the metaverse to do in 2030?,1
0.0,1.0,0.0,0.0,Blockchain in schools and colleges,0
0.0,1.0,0.0,0.0,Coinbase & Polygon,0
0.0,0.784,0.216,0.5106,Genesis Trading sees 'strong indications' of institutions investing more in crypto in 2022,1
0.444,0.556,0.0,-0.6808,S&P Global Sees no DeFi Threat to Traditional Finance,-1
0.0,0.755,0.245,0.3818,What will keep alt coins alive in crypto winter?,1
0.0,1.0,0.0,0.0,Robinhood plans to launch beta crypto wallets in January as HOOD drops to $17 By Cointelegraph,0
0.0,1.0,0.0,0.0,A Glimpse of the Deep: Finding a Creature in Ethereum's Dark Forest,0
0.0,1.0,0.0,0.0,VeChain partnership with Schneider Electric,0
0.0,1.0,0.0,0.0,10 things DeSantis wants from Florida lawmakers next year,0
0.0,1.0,0.0,0.0,How do you think of your portfolio?,0
0.0,1.0,0.0,0.0,"Why you should stake your coins, and why you shouldn‚Äôt do it on an exchange",0
0.0,0.88,0.12,0.128,$770 billion defense bill signed by Biden calls for emerging technology strategy,0
0.0,1.0,0.0,0.0,"If You Invested $10,000 in Solana and Ethereum at the Start of the Year, Here's How Much You'd Have Now | Solana Gang",0
0.0,1.0,0.0,0.0,‚ÄúRobinhood plans to launch beta crypto wallets in January as HOOD drops to $17‚Äù,0
0.0,1.0,0.0,0.0,S&P Global Ratings Study Predicts Crypto and Decentralized Finance Will Continue to Grow in 2022,0
0.0,1.0,0.0,0.0,El Salvador Buys 21 More BTC Units,0
0.0,0.858,0.142,0.2057,"Not your keys not your coins, risks of staking CeFi. BlockFi example",1
0.0,1.0,0.0,0.0,With new years right around the corner what is your crypto resolution?,0
0.0,1.0,0.0,0.0,Marathon Digital‚Äôs ‚ÄòRecord Purchase‚Äô of Bitcoin Miners Will Cost $879M,0
0.084,0.916,0.0,-0.296,I'm going to stop using Binance after 4 years because of what their exchange has become. Should I sell my BNB or does the coin have a future?,-1
0.0,0.393,0.607,0.7328,Time is your most valuable asset,1
0.22,0.678,0.102,-0.34,"Bitcoin, Ethereum Outperform Gold As The Battle For Supremacy Continues",-1
0.186,0.814,0.0,-0.4939,"Ethereum Has Burned 1.2 Million ETH in 4 Months, Close to $5 Billion in Ether Destroyed",-1
0.0,1.0,0.0,0.0,Explaining Web3: From the blockchain and crypto to NFTs and the metaverse,0
0.224,0.575,0.201,-0.3382,"Legal Experts Say It's Too Late to Ban Crypto, India Needs Comprehensive Regulation!",-1
0.0,0.775,0.225,0.4404,How the Fed's Forecasted Rate Hikes Could Be Good for Bitcoin,1
0.0,0.811,0.189,0.2732,Bitcoin‚Äôs Green Potential: Energy Consumption Does Not Equal Carbon Emissions,1
0.0,1.0,0.0,0.0,Decentraland to get a Times Square New Year‚Äôs Eve Celebration,0
0.0,0.714,0.286,0.5859,I'm surprised at how easy it is to sway the participants in this market.,1
0.131,0.809,0.06,-0.598,Why do we panic at each 5% move that happens in BTC? We have seen BTC going down 20% in a day and 50% higher but what's with these recent panic? Like we've been in the same range for the entire month or should I say BEAR MARKET now?,-1
0.0,1.0,0.0,0.0,The first time bought BTC,0
0.139,0.861,0.0,-0.3089,Powell is currently not in favor of a crackdown on crypto similar to China‚Äôs crypto crackdown,-1
0.0,0.881,0.119,0.2263,"Buying $10 worth of Bitcoin monthly for 5 years would have turned $610 into $6,978 (+1,043%)",1
0.0,0.69,0.31,0.2023,Bitcoin dominance falls under 40%,1
0.3,0.545,0.155,-0.3818,Crypto is my only way to escape poverty,-1
0.0,0.789,0.211,0.6808,The Turkish lira has depreciated ~34% this year. As Turks' interest in using crypto to protect inflation rises the President announced a crypto-regulation bill.,1
0.0,0.494,0.506,0.6249,Some great investments for 2022,1
0.0,0.893,0.107,0.0516,Newly Minted Bitcoin Miner Gem Mining Reaches Hashrate of 1.25 EH/s,0
0.0,0.741,0.259,0.6369,"What are the best decentralized versions of a centralized product, institution, technology, or service?",1
0.163,0.62,0.217,0.1779,"Popular Miami nightclub E11EVEN buys Bored Ape #11 for $400,000",0
0.0,1.0,0.0,0.0,"If we really make our DAO, what ideas and plans we can implement?",0
0.0,1.0,0.0,0.0,Crypto Adoption Is on The Rise,0
0.0,1.0,0.0,0.0,Question: where do you all buy memecoins?,0
0.0,1.0,0.0,0.0,Italian Sports Car Maker Ferrari Inks Multi-Year Deal With Blockchain Firm Velas Network AG ‚Äì it's Ferrari season,0
0.0,0.818,0.182,0.4404,"My staking earn went from 0,3 dollar to over 2 dollar daily thanks to crypto.com",1
0.365,0.405,0.23,-0.25,Real world problem - Solutions needed,-1
0.0,1.0,0.0,0.0,"So where are the 5/10 posts on the front page saying ""OMG BULL CYCLE CANCELLED"". You all felt the need to do this after bitcoin went from 47k --> 51k (10% lmao)",0
0.0,0.779,0.221,0.1779,Aave's Newest Market: Real World Assets - Decrypt,0
0.0,1.0,0.0,0.0,Why haven't you bought monero?,0
0.338,0.662,0.0,-0.6249,"Binance sends user's BTC into Nirvana, blames user for mistake, doesn't refund.",-1
0.142,0.619,0.239,0.296,"Elizabeth Warren rejects the claim that crypto can address inequality, saying the top 1% still reigns supreme",1
0.27,0.73,0.0,-0.5719,I believe CoinMarketCap airdrops feature is a scam to get your personal information,-1
0.0,0.756,0.244,0.4404,Cryptocurrency in science to improve the whole peer review system?,1
0.0,0.894,0.106,0.4404,IOTA staking begins in 12 hours. Binance has been suspending withdrawals for the past week and there's a high chance the wallet containing 120 Ti belongs to them - the wallet's current worth is roughly 163m USD,1
0.125,0.604,0.271,0.3365,Exotic Thailand next in line to adopt Crypto as legal tender!? Thank you (and suck on that) China!,1
0.0,0.838,0.162,0.4404,"Big Players Likely Finished Taking Crypto Profits, According to Macro Guru Raoul Pal - The Daily Hodl",1
0.0,1.0,0.0,0.0,The Web 3.0 Economy,0
0.0,0.778,0.222,0.6908,"Need to shed some cryptocurrency to offset your taxes? Donate to Pandemic Patients, a 501c3 non-profit in the US focused on pandemic relief.",1
0.0,1.0,0.0,0.0,An Ethereum Beacon Chain validator is not a full node,0
0.0,1.0,0.0,0.0,Are we at the AOL phase of crypto maturity? (discussion),0
0.0,1.0,0.0,0.0,The End of Fiat Money - Ron Paul to Ben Bernanke (2012),0
0.0,0.729,0.271,0.3818,ROSE Rallies as Oasis Protocol‚Äôs Community Grows Stronger,1
0.0,0.839,0.161,0.3182,"LibreScan, the First Decentralized Blockchain Explorer Supported by QANplatform ‚Äì Press release Bitcoin News",1
0.0,0.762,0.238,0.3612,Billionaire Alibaba Co-Founder Joe Tsai Tweets 'I Like Crypto',1
0.0,1.0,0.0,0.0,El Salvador to put an end to fiat currency and launch BTC ETF,0
0.0,1.0,0.0,0.0,Presenting Defimons: cross chain NFT based MMORPG,0
0.0,0.724,0.276,0.6369,The Two Best Cryptocurrencies to Invest in Right Now and Keep Forever,1
0.0,1.0,0.0,0.0,Moon Pies in the Moon Light,0
0.0,0.69,0.31,0.4019,"DeFiChain - Decentralized Finance, Secured by Digital Gold",1
0.149,0.851,0.0,-0.2732,I‚Äôve never sold any crypto for fiat and I‚Äôm a bit nervous about it.,-1
0.0,0.385,0.615,0.4926,"Good News, Everyone!",1
0.348,0.652,0.0,-0.4939,Sony to Receive Stolen Crypto Funds Back,-1
0.182,0.818,0.0,-0.25,Kazakhstan turns to nuclear as crypto mining causes electricity shortage,-1
