Username,Handle,Timestamp,Content,RespondingTo,CommentCount,Retweets,Likes
ICO Announcement,@ICOAnnouncement,2022-01-09T15:00:09.000Z," New Project

 Sacred Tails (ST)

 Sacred Tails is a play-to-earn blockchain-based 3D battle game built on the Binance Smart Chain. 

 Details: https://icoannouncement.io/listing/sacred-tails-st‚Ä¶

#Cryptocurrency #ST #ICOAnnouncement #BTC #ETH #BSC #NFT #Blockchain #Solana #Binance",,1K,5.2K,4.6K
Taylor Musk,@TaylorMusk_,2022-01-11T11:22:51.000Z,"$HOKK NFTs are now LIVE and available here for just 0.04 ETH:

http://nft.hokkfi.com

Smart, modular and upgradeable so that when regulation and adoption changes...So can your #NFT!
@hokkaiduinu
 #crypto #nfts #cryptocurrency",,12,631,642
Trader √áiko,@CikoTrader,2022-01-07T16:05:07.000Z,"Bir kar yaƒüar ince ince, 
Bir operasyon var bu gece,
#btc #cryptocurrency",,88,16,77
‚ò¨ ùïæùñöùñëùñôùñéùñáùñÜùñáùñÜ ‚ò¨,@sultanofAba,2021-10-22T09:49:57.000Z,"Like I said on my whatsapp status, Invest in this 3 if you have the means. And wait for the magic. 

#AVAX
#EOS
#XRP

#cryptocurrency 
#crypto",,1.9K,316,746
Kripto Kumar,@KriptoKumar,2022-01-10T16:17:14.000Z,"Alt coin den uzak durun.
Tamamƒ± ile dolandƒ±rƒ±cƒ±lƒ±k.#cryptocurrency",,20,6,9
RichQuack,@RichQuack,2022-01-10T15:27:29.000Z,"$100 in #BUSD| 24H

Like, RT this post
Comment #RichQUACK and use attached picture on elon's tweet below (Show proof): https://twitter.com/elonmusk/status/1480093419334782981?t=-GDHffWLwB2vf3gXjMVI-A&s=19‚Ä¶

#giveaway #BNB #QUACKarmy #QUACKattack #elonmusk #crypto #cryptocurrency","Elon Musk
@elonmusk
 ¬∑ Jan 9",2.8K,4.7K,4.3K
RickyCrypto,@RicardoArmijoG,2022-01-11T11:30:10.000Z," Hey guys Do you have enough stable coins to move into crypto?

Shillme your unique token 

#Crypto #CryptoNews #dip #sol #btc  #BNB  #ETH #sol #ADA #cryptocrash
#cryptocurrency #CryptocurrencyNews #cryptotrading #cryptocurrencies #CRO  #tezos",,15,302,302
Bambino NFT,@BambinoToken,2022-01-11T10:20:49.000Z,"Hey #SHIB how many zeros you got to kill?  $BAMBI 

http://bambinotoken.com 
tg:https://t.me/bambinonft

#memecoin  #nft 
 #Metaverse

#marketcap #buythedip #HODL
#shiba #shibainu #SHIBARMY #SHIBASWAP #Bones #LEASH #PancakeSwap #coin #CMC #crypto #cryptocurrency",,14,489,139
Watcher.Guru,@WatcherGuru,2022-01-11T05:35:47.000Z,"If you were the owner of #Binance , what‚Äôs the first #cryptocurrency you would list?",,4K,430,1.6K
Giveaway Banana,@giveawaybanana,2022-01-11T01:03:31.000Z,"BANANA GIVEAWAY #118

Prize: 5x $BANANA 

To join:
1. Follow 
@giveawaybanana
 
2. Like and Retweet
3. Comment: The #ApeSwap Trifecta 

Drawn: in ~ 20 hours

#giveaway #giveaways #cryptogiveaway
#BSC #crypto #cryptocurrency #ApeSwap",,324,336,333
CRYPTO AND NFT devlop,@AmoyPemburu,2022-01-11T12:06:11.000Z,"scooter addict 0 kilometers
New #nfts #NFTcollection #nftcollectors #nftcommunity #cryptocurrency #cryptocurrencynft 
#openseanft #opensea #OpenSeaNFT",,,2,2
ImpactXP Official,@ImpactXPToken,2022-01-11T08:39:19.000Z,"#Impactors together we can make an impact on our planet  Where ever you are in the world you can help us plant trees and clean our oceans. 
Here is how 
#ImpactXP #ImpactXPToken #cryptocurrency #Saitama #Ecology #Hydroponics #Bitcoin",,41,256,612
Mr Wizard ùëúùíª Ara,@Wizardara,2022-01-10T21:41:34.000Z,"$100 in 24 hours.
---
 Retweet & Follow 
@AvaxGiveaways
 
 RT +  their pin
---
ùì¶  #AVAX #cryptocurrency",,763,1.8K,598
Martian Home,@MartianHome,2022-01-10T06:15:44.000Z,"MYSTERY LAND in Martian Home

Mystery Land can realize the most value on MARS

TAKING MYSTERY LAND and be millionaire on METAVERSE 

#cryptocurrency #blockchains #MTHM #Metaverse",,68,269,720
FCFPAY,@fcfpay,2022-01-10T14:09:54.000Z,"Congratulation to the SAFEMOON ARMY 
@safemoon
 will be the first #BSC token to be listed on #FCFPAY.  Merchants worldwide are going to be able to accept safemoon as a currency through the FCFPAY payment gateway!

Powered by :http://Frenchconnection.finance

#BNB #binance #cryptocurrency",,393,2K,3.8K
Aisar Crypto,@AisarCrypto,2022-01-11T09:20:29.000Z,"If you want to discover new crypto projects, or want to shill a project you know, feel free to join my Telegram Group https://t.me/AlsarCryptoProjectFinder‚Ä¶

I‚Äôm sure it will be very helpful for everyone 

#NFT #nfts #Crypto #Metaverse #NFTshill #CryptoSpace #cryptocurrency #NFTCommunity","t.me
Aisar Crypto‚Äôs Project Finder
You can view and join @AlsarCryptoProjectFinder right away.",24,521,523
Nahid Hasan,@Nahid8022,2022-01-09T15:14:29.000Z,"Hold Like #MrBean 

#cryptocurrency #Crypto #Bitcoin #BTC #cryptomeme",,228,332,1.1K
Defi Degen,@Degen4Defi,2022-01-10T20:28:01.000Z,"Reveal hasn't even happened yet. Probably nothing  
@NFungiblePeople
 #NFTs #cryptocurrency",,18,19,58
Nappers,@Nappers18,2022-01-11T00:32:26.000Z,"$KTO

People are already taking advantage of no tax on buying right now!!

Don‚Äôt miss your chance to get your bag tax free!

#KTO #cryptocurrency #crypto #storkholders",,6,13,19
OMNIA Protocol,@omnia_protocol,2022-01-10T11:37:44.000Z," An amazing competition 

We will give away 100$ to 3 lucky persons for participation in this activity.

 For participation you must:

1- Like this tweet 
2- Retweet this tweet 
3- Follow 
@omnia_protocol
#competition #giveaway #omnia #airdrop #crypto #cryptocurrency",,113,573,687
DECRYPTOTECHNOLOGIST,@DECRYPTOTECHNO1,2022-01-10T15:18:49.000Z,Still a clear winner in last 12 months of #cryptocurrency #SHIB   #SHIBtotheMoon,,7,8,38
≈Åukasz Maliszewski,@Lukasz95961741,2022-01-11T10:53:07.000Z,Stay Fancy ! #580 #nft #nfts #NFTs #NFTCommunity #cryptocurrency #KickStart,Fancy Bears Metaverse and Bartek BAYC  FANCY BEARS ,4,4,32
TinkLe,@TinkZ09619361,2022-01-11T10:56:53.000Z,"What else do I really need to say apart from  ....

"" It's Game Changing Technology ""

   http://fibswap.io

#BSC #Binance #CryptoNews #cryptocurrency #cryptocurrencies #DeFi #dogecoin #FIBSWAP #PancakeSwap #Uniswap #BSCGem #BinanceSmartChain #coinbasewallet #Metaverse",,2,9,10
Nappers,@Nappers18,2022-01-11T01:17:26.000Z,"When you have a day of pure pump and your dev team steps up to support the holders when people paper hand it.



$KTO



#kounotori #cryptocurrency #storkhodler4life",,8,8,18
Alex,@AlexSchmidgal,2022-01-10T19:54:41.000Z,"All over the world I see in the headlines that Bitcoinminers are being switched off because the energy demand is too high! 
@ElrondNetwork
 is 6 million times more energy efficient than #Bitcoin! People, start rethinking!

#egld #Energie #bitcoinmining #blockchain #cryptocurrency",,7,61,176
Kunal rastogi I Klever India I #klv #kfi,@Ultraleadd,2022-01-10T07:08:33.000Z,How many of you  relate with this ?  comment down & retweet . #Klv $Klv #Kleverchain #crypto #btc #tron #cryptocurrency,,18,12,46
Emma Miller,@wy200720,2022-01-11T11:27:39.000Z,It's all about having fun and being happy #BTC  #cryptocurrency,,2,,1
VITALL | KEYKARD NFT: MINT IS LIVE,@vitallmarkets,2022-01-11T04:13:54.000Z,"$VITAL has gained 20 new holders, let‚Äôs push past 400 holders! LFG!!! #cryptocurrency #VITAL #Solana 
Photo by: 
@RenaldiRaptor",,67,141,157
Crypto Scoop,@cryptscp,2022-01-11T12:07:42.000Z,Play-to-Earn Metaverse Wizardia: A Real-world Monetary Rewards for successful Gameplay https://investing.com/news/cryptocurrency-news/playtoearn-metaverse-wizardia-a-realworld-monetary-rewards-for-successful-gameplay-2735597‚Ä¶ #crypto #cryptocurrency #bitcoin,,,,
Elephant Money,@ElephantStatus,2022-01-11T11:54:58.000Z,"CURRENT SITUTION
#Bitcoin #cryptocurrency",,2,1,4
Nappers,@Nappers18,2022-01-11T00:09:01.000Z,"#KTO

No Tax on buys for the next 24 hours.

 Join the flight! 

#cryptocurrency #kounotori #altcoin",,9,22,32
BuyBear,@BuyBear_,2022-01-11T01:05:38.000Z,Look at that $KTO chart! We don‚Äôt even have whales yet because of manipulation resistance. It just doesn‚Äôt get better than #KTO. #storkholders #altcoin #CryptoNews #cryptocurrency #MyCryptoWish #staking #Metaverse #ERC20,,,5,13
Peoplez,@Peoplez_io,2022-01-10T19:10:09.000Z,"$LEZ is breaking the walls between the Fans and their $VIP 

Don't miss out on having a chance of earning exclusive celebrity NFT's 

#NFTs #Blockchain #Cryptocurrency #Crypto #NFTCommunity",,8,35,68
Naveen Kumar Sharma,@MotivatedNaveen,2022-01-10T15:12:56.000Z,"I am trusting in #AidiFinance from http://aidiverse.com for my journey to financial freedom. And, it not happened overnight, I am saying this after intense research, joining their community & seeing their deliverability. Soon, whole #cryptocurrency world will talk them #DYOR",,9,36,58
BankX,@BankXio,2022-01-10T15:44:34.000Z,"#BankX growth continues. 
We have crossed the 8,000 member mark and are on pace to be at 10k by the end of January. 

We are proud to have such a well informed group that wants to see #cryptocurrency be fundamentally changed forever & individuals to have the power of the bank.",,1,6,17
Satoshi ( ‚Ä¢ Y ‚Ä¢ ),@pinkape217,2022-01-11T00:55:47.000Z,"So my friend 
@genie_trades
 the $time keeper 
@Wonderland_fi
 said centralized exchange is cumming

So I bought back 2.7744 wmemo
Im expecting 2 days of volatility then up for 2 - 3 weeks  then goblin town .  Will take profits personally. #cryptocurrency #OccupyDeFi",,14,6,114
ùìîùìΩùì±ùìÆùìª ùìùùì™ùìºùîÇùì∏ùì∑ùì™ùìµ,@EtherNasyonal,2022-01-10T16:56:24.000Z,"Expanding triangle bottom $39,633 tested, and fully tested on weekly chart (ma 72) for the first time since April 2021, we can see an upside attack from here

NFA

#Bitcoin #BTC $BTC
#CRYPTOCURRENCY #CRYPTO
#BTCUSD #BTCUSDT",Rickus   and 9 others,9,55,250
GODZILCROCK,@gvizor,2022-01-11T00:00:10.000Z,"@GetSafle
 ID - A SSI Protocol for Identity Assertion features 

#blockchain #cryptocurrency",,,21,24
CriptomonedasRentables.com,@CriptomonedasR,2022-01-10T19:18:08.000Z," WIN $3000 IN CRYPTO FREE 

  Join the #Free #Crypto #Contest
  Follow & RT
  Tag 3 friend
 
 Join Contest here: https://bit.ly/ContestATANI

¬°Enjoy & WIN!

#cryptocontest #cryptobirds #cctip 
@cctip_com
 draw 0.005 BNB 200 #cryptocurrency #airdrop #airdrops #bounty",,19,125,78
Onyon Sama,@Onyon_Sama,2022-01-10T21:19:19.000Z,"Big news. Want to join #Kounotoritoken ? In a few hours you'll be able to buy WITHOUT TAX!.

#KTO #altcoin #CryptoNews #cryptocurrency #100xgem #ToTheMoon",,8,11,22
Louise Amy,@Louise_Amy0513,2022-01-11T04:08:45.000Z,Thailand responds: Profits from #cryptocurrency trading are now subject to 15% capital gains tax,,4,2,5
GODZILCROCK,@gvizor,2022-01-10T20:35:30.000Z,"@GetSafle
  ecosystem doesn't only cater to the end user but also provides tools to the developers to build better and with minimal friction using multiple SDK,
infrastructure and APIs.

#blockchain #cryptocurrency",,1,35,33
Bull,@altbullx,2022-01-11T03:31:37.000Z,"$rose we shorted again
#btc #bitcoin $BTC #cryptocurrency",,18,3,63
Crypto_Queen,@MeMeQueen9999,2022-01-10T10:46:16.000Z,Want to be #cryptocurrency millionaire in 2022 Let's focus on #SaitamaWolfPack‚Äå‚Äå,,9,30,127
D0nni,@D0nni04,2022-01-10T23:56:11.000Z,"Said it before.  Saying it again.  $FJB is NOT a shitcoin.  Look at that team. 3 months old.  Unreal the growth seen.  And still only 8600 holders?! Definitely a long hold #cryptocurrency #FJBiden not affected by the #cryptocrash 
@OfficialFJBCoin
 #LetsGoBrandon #ToTheMoon",,7,12,40
Mission Helios Persian,@PersianHelios,2022-01-10T20:00:23.000Z,"What you want from #Helios!
#Satellite Imagery #NFTs
#NFT MarketPlace
#Erc20 Wallet 
#Staking Platform
Educational Platform
#Launchpad for Promising #Space/#blockchain projects
MetaHelios - Space Educational #Metaverse With a #gaming experience
#cryptocurrency 
@Missionhelios",,59,140,161
MVG_Lordy‚ìã,@MVG_Crypto,2022-01-10T22:04:00.000Z,"Sneak-peek from $MVG in-game scene using #UnrealEngine5 ! Aren't it a beauty? So excited for its launch in Q2 2022 ! Follow me for more updates.

#Bitcoin #Metaverse #GAMERSE #YoutubeGaming #CryptoNews #cryptocurrency #NFTCommunity",MadVikingGames,3,15,53
MetaVester,@MetaVester,2022-01-11T02:07:32.000Z,"Looking for a NFT project before it blows up?  Check out 
@Metacoolcats
                                                     #NFTs #NFTCommunity #nft #nftart #NFTartists #nftcollector #NFTdrop #NFTCollection #crypto #cryptocurrency #metacoolcats",,,6,9
Snicki Welsey,@SnickiOfficial,2022-01-10T08:47:26.000Z,"The Future is here #FibSwapDEx App ready made for you..
Go get it on Google play store now..
#cryptocurrency #BNB #doge #Polygon #Avalanche",,29,10,20
NeoNomad,@JAB_NeoNomadNNI,2022-01-10T14:44:25.000Z,"Couldn't agree more, Chris!  - NN - 

#solana #neonomad #fintech #cryptocurrency #blockchain #DeFi #web3 #DAO #BinanceSmartChain #crypto #futurefinance #financialpioneers #jointherevolution",Solana and 3 others,8,5,13
XRP CAPTAIN‚ú™,@UniverseTwenty,2022-01-10T22:21:12.000Z,#XRP Price After Lawsuit Will Be 3 Digit's. Just Look At The Suppression. #XRP Is A #Cryptocurrency Not A #Stock Only Few Will Understand ( F**K - Market Cap ),,65,118,921
Axel Saxberg,@alsaxton,2022-01-10T14:57:35.000Z,"Trying to sort the legit projects from all the meme nonsense tokens and rug pulls? Well, look no further. #XEEBster is back by an audited team and a great community.
Invest, relax and let all the others chase their tails. $xeeb #cryptocurrency #BUSD",,3,7,13
Rafflez $MONGMutt,@Rafflez9,2022-01-10T16:49:25.000Z,"Once in a blue moon a genuinely fresh meme coin arrives on the scene. $MONG is it. Watch it
@mongoosecoineth
 @mongs_nft
  #crypto #cryptocurrency #1000xgem",,8,12,36
defacto,@iamdefacto,2022-01-11T07:28:00.000Z,"time to fill your $cate bags #CateArmy 
#catecoin #Binance #cryptocurrency #BSC",,1,1,3
yuki4750,@yuyumaru55,2022-01-11T10:33:29.000Z,"I'd be happy if it appeared in the world when I drew a picture for the first time.
#NFT #cryptocurrency",,2,1,2
BlockchainAndy,@BlockchainAndy,2022-01-10T19:07:03.000Z,"Just me walking around #metapolis on #zilliqa

#zil #zilliqa #nft #nfts #crypto #cryptocurrency #blockchain #meta #metaverse",,13,35,155
Naveen Kumar Sharma,@MotivatedNaveen,2022-01-11T00:50:17.000Z,"The time is reaching! #AidiFinance going live on #FEG Exchange. With huge budget for marketing this month, PR agencies also going to help a lot. Times Square billboards are also in line. What else you need dear #investors? This is the perfect time to invest. #DYOR #cryptocurrency",,9,21,39
Bitcoin News,@BTCTN,2022-01-11T02:33:50.000Z,U.K. lawmakers have formed the #Crypto and Digital Assets Group to ensure that new rules for the crypto industry support innovation. #cryptocurrency #bitcoin,"news.bitcoin.com
UK Lawmakers Form Crypto and Digital Assets Group to Ensure Regulation Supports Innovation ‚Äì...
U.K. lawmakers have formed the Crypto and Digital Assets Group to ensure that new rules for the crypto industry support innovation.",32,102,329
LoveCc,@HuXiuQiangWei1,2022-01-10T15:32:36.000Z,"Add AirCoin to your crypto investment list for the year.

Invest now on AirCoin and thank me next year.

The Change is in the Air.
@Aircoinreal
 @AIRvolunteer
 @news_of_bsc
 @cz_binance
#Binance #cryptocurrency
#BinanceSmartChain",,1,9,21
HornHub,@hornhub_finance,2022-01-10T19:12:02.000Z," ATTENTION HHUBERS 

Yesterday‚Äôs VC recap is now live on medium 

If you missed it, or would like a quick refresher be sure to give it a read & don‚Äôt forget to give 50 claps  & comment 

Stay fabulous 

#Crypto #cryptocurrency #HHUB #BSC","hornhub-finance.medium.com
How HornHub is Building Towards the Perfect Crescendo
Recapping the 6th Voice Chat AMA",2,12,267
Jony,@Jony57106419,2022-01-11T12:08:11.000Z,I really appreciate this project. This project will be bring lot of success. Project team working very hard. Good job team.  #polygon #crypto #cryptocurrency #valuesfinance,,,,
Yarvin Stoltz,@yarvin_stoltz,2022-01-10T23:53:37.000Z,Which one as a profile picture? #cryptocurrency #lasereyes,,17,3,21
NFT Giveaways,@_NFTGifts,2022-01-10T15:15:51.000Z," $10,000 $SHIB GIVEAWAY 

STEPS to ENTER:
 Like & Retweet
 Follow w/ Notis

 Giveaway ENDS in 1 HOUR (5 winners) #shiba #cryptocurrency #airdrop",,39,42,43
CryptoVin,@CryptoVin2,2022-01-11T00:30:36.000Z,"Gnom gnom gnom! I was hungry for more cheap 
@klever_io
 Be #Klever like me, you‚Äôll thank me later. #KleverChain #cryptocurrency",,8,9,38
EarnHub Informer,@EarnHub_info,2022-01-11T09:07:28.000Z,"I doubled my rewards in less than 24 hours!
#EarnHub #Anyflect #cryptogem #cryptocurrency #BSC #StakingRewards",,4,3,9
ELONONE,@dave_elonone,2022-01-11T02:50:27.000Z,"Join us on 1/12 
@7pm
 EST for an AMA with designer, photoshop manipulator, photographer, & #NFT artist 
@TripDripDesigns
 . See you there!

#NFTs #nftart #ELON1 #ELONONE #AstroZero #ETH #Bitcoin #Solana #Airdrop #Airdrops #PlayToEarn #nftart #cryptocurrency #Crypto #SHIB #NFTdrop",,4,19,30
SupBaby Take me out to dinner,@FutureP70940535,2022-01-10T14:35:46.000Z,"#ETH dips come and go, but 
@FangGangNFT
 are forever.

 #NFTCommunity #NFTdrop 
#Airdrop #cryptocurrency",,5,13,64
R.R.,@robramirez_,2022-01-11T07:46:43.000Z,The future is here. #web3 #web3inu #CryptoNews #Crypto #cryptocurrency,,,1,3
Clayboys Vs.Clayliens,@ClayboyVClalien,2022-01-11T03:30:57.000Z,"CNFT GIVEAWAY!! 24 HOURS UNTIL WE ANNOUNCE OUR WINNER DO THESE 3 THINGS 
1.RT 
2.TAG 5 CNFT FRIENDS 
3.FOLLOW US AND JOIN OUR DISCORD TO GET OG STATUS 
#CNFT #cardano #CardanoNFT #CNFTCommunity #community #cryptocurrency",,37,35,28
Angel,@angelgirl826,2022-01-11T01:36:50.000Z,"Reasons to hold. From 3 days of staking? Yes please. 
@earnhubBSC
  #EarnHub #EARNSQUAD #SAFEMOON #BNB #Crypto #cryptocurrency #StakingRewards",,21,28,55
Simplio,@simplioofficial,2022-01-10T10:09:34.000Z,"We have already added over 200 projects to our wallet, what project do you want to see added next?
#SIO #Simplio #Solana #Cryptocurrency",,2,2,8
CakeTalk,@caketalk1024,2022-01-11T02:04:29.000Z,"When you panic, there's someone is ready to take off on your back~!!!!! #BTC #panic #cryptocurrency",,,1,11
Flint,@FlintCrypto,2022-01-11T06:30:45.000Z,"I've seen more red days than green in this ponzi.
#cryptocurrency",,3,,1
Linacoin LIC,@linacoinlic,2022-01-10T10:50:33.000Z, CryptoMonday ‚Ä¶. Todays my mood crypto  what is your Monday mood?  Leave a comment below  #monday #Crypto #cryptocurrency #news #happy,,4,1,100
CryptoCapFlow,@CryptoCapflow,2022-01-11T12:08:35.000Z,"[Spot] By 2022-01-10 14:00 GMT, SOL total trading volume of 3,771,855SOL and net cap flow of -$233M in last 24 hrs. #cryptocurrency #CryptoCapFlow $SOL",,,,
mm,@its__marian,2022-01-10T23:43:54.000Z,When your friend doesn‚Äôt have twitter and hexflexing on you  #cryptocurrency #hex $plsx $pls #investing,,13,4,92
Morena O‚ÄôConnor,@MorenaOConnor,2022-01-11T01:15:26.000Z,"#NFT LAUNCH ALERT!!

Looking for smart, modular, upgradeable NFTs? $HOKK have just answered your prayers!  Go check these pups out!

Buy and mint here:

http://nft.hokkfi.com
@hokkaiduinu
 #nfts #crypto #cryptocurrency",,12,91,118
SupRes,@sup_res,2022-01-11T09:40:15.000Z,"#BTCUSDT Jan-11-2022 1H Support and resistance levels:
Res=[42300.0, 42500.0, 42600.05, 42786.7, 43581.3, 45500.0, 45722.21]
Sup=[41601.0, 41410.0, 40501.0, 39650.0] #bitcoin #binance #cryptocurrency",,,1,1
MrPanda,@MrCryptoPanda,2022-01-10T16:59:55.000Z,"It's normal to be fearful when the market is in that state! 

But fear not, look AT $LUFFY chart and see how strong WE are! 

The lead #LUFFY dev is here talking with you. The core team member are constantly giving update and chilling with you guys! 

#Bitcoin #cryptocurrency",,9,25,43
Bitcoin News,@BTCTN,2022-01-10T12:34:08.000Z,"Situation in #Kazakhstan is stabilizing, government claims as #cryptocurrency miners look to a future in the country.","news.bitcoin.com
Kazakhstan Is Stabilizing, Government Claims as Crypto Miners Look to Future in Country ‚Äì Mining...
The situation across Kazakhstan, hit by anti-government protests in the first week of the year, is normalizing, central authorities claim.",64,89,287
Jolly St. Peter,@JollyStPeter1,2022-01-11T00:58:40.000Z,"Community is everything. 

A transparent and available Dev team creates trust and security. With #RevivalDeFi, you can have it all! Join the Discord, https://discord.gg/revivaldefi, and join the family today! 

#Revival #Vival #BNB #BSC #Binance #Crypto #cryptocurrency #MondayMotivation",,1,11,13
RALVŒûRO,@Ralvero,2022-01-10T19:28:52.000Z,"Woow this is sick news! 

Mentioned this gem 
@fcfpay
 before and now they announced that 
@safemoon
 will be the first #BSC token to be listed on #FCFPAY! 

Really bullish about this project and this team! 
Powered by :http://Frenchconnection.finance

#BNB  #binance  #cryptocurrency",,50,148,270
Anna,@dwn_anna,2022-01-11T08:17:58.000Z,"Good morning London, England #cryptocurrency",,1,,
Rafflez $MONGMutt,@Rafflez9,2022-01-10T19:29:57.000Z,"To the $MONGRESS...
@mongoosecoineth
 @mongs_nft
 #crypto #cryptocurrency #1000xgem $MONG",,1,,6
Claymari,@callmestudafire,2022-01-10T15:42:22.000Z,"Expecting #CNFT Bluechips to pop off really soon. Hold on tight boys. Our time has finally come -

I urge every NFT Collector to hop onto #CNFTs for the cheapest Gas fees you can get 
@spacebudzNFT
 
@The_ClayMates
 

#NFTs #cryptocurrency #ETH #SolanaNFTs #Sol",,11,13,109
RichQuack,@RichQuack,2022-01-10T11:29:25.000Z,"Inside RichQUACK's Promising Plan To Become The Gem Of Crypto - Alexablockchain

#blockchain #RichQUACK #QUACKarmy #QUACKattack #Crypto #cryptocurrency #CryptocurrencyNews #CryptoNews","alexablockchain.com
Inside RichQUACK's Promising Plan To Become The Gem Of Crypto
RickQUACK is not just building a hyper-deflationary token, but it also plans to incubate other projects and explore Metaverse space. AlexaBlockchain",1.2K,1.8K,1.8K
Bitcoin News,@BTCTN,2022-01-10T04:32:52.000Z,An industry association has written to India‚Äôs finance minister seeking clarity on #cryptocurrency taxation in Union Budget 2022-23. #crypto #bitcoin,"news.bitcoin.com
Indian Crypto Industry Seeks Tax Clarity in Union Budget 2022-23 ‚Äì Taxes Bitcoin News
An Indian industry association has written to the country's finance minister seeking clarity on cryptocurrency taxation in Union Budget 2022.",65,95,296
Saita Vader,@SaitaVader,2022-01-10T18:00:27.000Z,"What exchange do you think #saitama 
@InuSaitama
 will list on next & why? 

#Crypto #altcoin #Binance #coinbase #CryptoNews #100xgem #100xCoin #Ethereum #erc20tokens #cryptocurrency #cryptocurrencies #KuCoinGem #robinhood #Wazirx #CEX #CEXlisting #NFTGame #NFTCommunity #SaitaMask",,38,82,282
MetaInu,@MetaInucoin,2022-01-10T17:11:00.000Z,"Meta is the future, and MetaInu is here to stay  #Crypto #Cryptocurrency",,,3,6
XY,@tomalyo1,2022-01-10T13:05:06.000Z,"Fudders used to say #MononokeInu is dead....
Well... That doesn't look dead to me at all 

#cryptoworld #cryptocurrencies #btc #cryptoinvestor #invest #forexlifestyle #cryptotrading #cryptos #bitcoin #cryptocurrency #shib #SaitaMask #Shibnobi",,4,13,50
Cryptobolix,@Cryptobolix,2022-01-10T17:47:19.000Z,"Understanding Fully Diluted Market VS Market Cap for 100x - 1000x 

Watch Here: https://youtu.be/bAcL3s3EXus
 
#Saitama #Mandox #HODLVault #CryptoNews #cryptocurrency #Crypto",,12,28,60
Cisco Edosma | BoredApe| To the,@CiscoEdosma,2022-01-11T06:44:55.000Z,"17% in a week! When will it up? 
#ETH #cryptocurrency",,1,,3
Ahmed,@ctp_moon,2022-01-10T18:52:06.000Z,Down the Rabbit Hole. The future Hint of #cryptocurrency,,,,4
Moneta,@moneta_holdings,2022-01-10T13:25:00.000Z,"#Stabila as the leading contender for the 2022 spotlight. Stabila's market cap of $325 mln makes it the most #undervalued #cryptocurrency in the market.
https://stabilascan.org",,13,51,51
Solicy,@solicydotnet,2022-01-11T07:09:34.000Z,"A real rollercoaster!

#CryptoNews #cryptocurrency #BTC #ETH #BNB #SOL",,1,6,9
Dogelon Warriors,@DogelonWarriors,2022-01-10T12:30:00.000Z,"HODL FOR LIFE! DIAMOND HANDS
#dogelon #dogelonmars #elon #doge #crypto #cryptocurrency $ELON 
@DogelonMars",,15,54,167
Shitcoin Buccaneer,@Shitcoin_Bucc,2022-01-10T11:49:33.000Z,"It just keeps on going. Don't miss out. Become one of our #storkholders today.

$KTO #Kounotoritoken #kounotori #CryptoNews  #cryptocurrency #ToTheMoon",,13,17,32
CryptoBull,@CryptoBull3000,2022-01-11T00:06:53.000Z,"#Kounotoritoken now it's a party!!!

NO TAX TUESDAY

Grab a bag and thank me in 6-12 months!
@CryptoGerion
 @KounotoriToken
 #kounotori #storkholders #Crypto #cryptocurrency",,2,30,47
AfricaPunkz | Stealth mint | Free price,@africapunkz,2022-01-11T08:10:18.000Z,"Our free mint is live! 
https://africa-punkz-freemint-v2.vercel.app

#SolanaAirdrop #NFTGiveaway #cryptocurrency",,4,3,4
Jeremiah G,@NOLAFloods,2022-01-11T00:34:17.000Z,They see me rollin. #EarnHub #Anyflect #SAFEMOON #DeFi #CryptoGems #cryptocurrency #crypto  ,,1,2,7
NHASH,@NHASH_mining,2022-01-10T15:04:19.000Z,"$HNS HS5 and HS box on sale, which one do you prefer? https://nhash.net/miners/list?brand=Goldshell&digCoin=HNS‚Ä¶ #cryptocurrency",goldshellminer,1,2,10
Bitcoin News,@BTCTN,2022-01-09T16:33:14.000Z,#Kosovo police seize hundreds of mining rigs following ban on #cryptocurrency mining.,"news.bitcoin.com
Kosovo Seizes Hundreds of Crypto Mining Machines in Crackdown ‚Äì Mining Bitcoin News
Police in Kosovo have seized another batch of over 200 mining devices as part of raids against crypto miners that started on Thursday.",125,106,277
Bitcoin News,@BTCTN,2022-01-11T09:31:25.000Z,The US and Estonia discussed opportunities for cooperation in implementing FATF and regulating #crypto assets. #bitcoin #cryptocurrency,"news.bitcoin.com
Estonia Offers to Share Crypto Experience With US to Identify Best Practices for Digital Assets ‚Äì...
Estonian Finance Minister Keit Pentus-Rosimannus has offered to share her country's experience in regulating cryptocurrencies with the U.S.",29,24,102
Crypto Gem Guru,@CryptoGemGuru,2022-01-10T10:11:08.000Z,"$SAITO  is awakening again‚Ä¶ 

We‚Äôre gearing up to retest the .10s 

#BlockchainGaming #gateio #cryptocurrency #web3",,9,8,39
Lumenswap,@lumenswap,2022-01-10T11:43:57.000Z,#Cryptocurrency marked the end of the era of money counterfeiting.,,28,23,67
#Saitama Denmark,@knudsen_schultz,2022-01-10T06:21:37.000Z,#Saitama #cryptocurrency #SaitamaWolfPack We Are so strong together for a better world ,,11,21,62
Whale Coin Talk,@WhaleCoinTalk,2022-01-10T15:00:02.000Z,"Changpeng Zhao, the CEO of Binance, has been named the Richest person in #cryptocurrency.

According to the Bloomberg Billionaire Index, 
@cz_binance
 estimated net worth is $96 billion 

#Whalecointalk #CryptocurrencyNews #Binance #BNB",,58,58,71
4rancex,@andrewlet_ng,2022-01-10T17:59:39.000Z,This office make sense o.... Binance brand ambassador Cross Da Boss the money maker..#cryptocurrency #cryptotrading #BinanceSmartChain #Binance #CrossOkonkwo,,4,11,17
CT Josh,@TheCTjosh,2022-01-10T18:46:51.000Z,"When ever  #cryptocurrency decides to Joke with my feeling 

#dip ain‚Äôt for the weak 
#HODL 
#NFTCommunity",,2,11,26
Bismuth DoFi,@333bismuth,2022-01-10T17:59:14.000Z,Last time total #cryptocurrency market cap fell under $1.9T was 29th of September.,,1,,3
JammedBrains,@JammedBrains,2022-01-10T11:53:03.000Z,"#Kounotori is the token you have NOT YET MISSED OUT ON.  

When we fly will you soar with us?

Perhaps you will be left in shadow when the #Storkholders blot out the sun.

#KTO #cryptocurrency #Bluechip",,1,4,15
NERO NFT COMMUNITY PROJECT,@nft_nero,2022-01-10T22:01:14.000Z,"Are you going to #buythedip?

#cryptocurrency #NFT #Ethereum #ETH",,,1,2
ùë™ùíìùíöùíëùíïùíê ‚ìöùíÇùíöùíçùíÜüÖ°,@KaylerTee,2022-01-11T12:08:33.000Z,"$PYR Could be done with the correction, looking to buy dips here

Corrected 80% from the ATH 

Filled in the inefficiency and retested the previous ATH that was't retested 

Calling the btm here if $BTC has bottomed out

#BTC #cryptocurrency #Cryptos #crypto #cryptocrash",,,,2
CryptoCapFlow,@CryptoCapflow,2022-01-11T12:08:37.000Z,"[Futures] By 2022-01-10 18:00 GMT, $SHIB futures had a liquidiation of Short Positions of $194.18K and of Long Positions of $1508.24K in last 24 hours. #CryptoCharts #CryptoCapFlow #cryptocurrency",,,,
CryptoGoose,@KenGoosenHonk,2022-01-10T20:05:44.000Z,"Super excited about #goosehonk $goho, especially the Goose Honk Exclusives #GHE #NFTs that are dropping sometime soon. 

#Crypto #CryptoNews #Bsc #BSCGem #NFTCommunity #nftcollector #NFT #nftcollector #cryptocurrency",,1,5,6
Badwi Trades,@Badwi_trades,2022-01-10T22:07:44.000Z,"Can't wait for this to happen.
#cryptocurrency #Crypto",,,,4
Son of shib fan,@sonofshib_fans,2022-01-10T17:20:01.000Z,"SON ARMY!  GET YOUR BAGS READY, IT‚ÄôS FINALLY HAPPENING! 

THE SON WILL BE AVAILABLE FOR TRADING ON BITMART TODAY 1/10 AT 12:00 PM EST TIME.  

ONE MORE EXCHANGE CROSSED OUT OF THE LIST, AND MANY MORE TO COME! #THESON #SHIB #BNB  #BSCGem #cryptocurrency",,4,3,3
Buff Doge Coin ($DOGECOIN),@buffdogecoin,2022-01-10T08:19:43.000Z,"Buff Doge Coin [$DOGECOIN] 
@BitMartExchange
#buffdogecoin #buffdogecoinarmy #dogecoin #doge #cryptocurrency",,134,414,1K
Kraken Crypto,@KrakenStaking,2022-01-11T05:04:53.000Z,"Do yourself a favor and get in on $CIG while it is still early. One of the first tokens with CryptoPunks utility.
#cryptocurrencies #cryptocurrency",,1,,2
Bitcoin News,@BTCTN,2022-01-10T17:34:07.000Z,"The #cryptocurrency cause is not new for Mu√±oz, who has been interested in the sector and its possible regulation in #Spain since before the Kazakhstan situation.","news.bitcoin.com
Spanish Deputy Suggests Spain Might Attract Kazakhstan Miners ‚Äì Bitcoin News
Maria Mu√±oz, a Spanish deputy wants to position its country as an alternative to miners that are facing a dire situation in Kazakhstan.",62,47,187
Yung Chart Reader,@YCR_Crypto,2022-01-10T14:50:44.000Z,"Nothing like an early morning bear trap to get the blood pumping 

#Bitcoin #cryptocurrency",,1,3,2
Pixel Invaderz,@pixelinvaderz,2022-01-10T08:06:13.000Z,"Something big coming your way! 

#NFTs #NFTCommumity #nftcollectors #NFTartist #Solana #cryptocurrency",,2,8,20
Din_TheInvestor,@Din_TheInvestor,2022-01-11T07:36:23.000Z,"Every dip is buying opportunity for true investor.
#BITCOIN #Ethereum #cryptocurrency",,1,,1
Official $Cryptocurrency Fan Club,@CryptoBONKxyz,2022-01-11T00:12:34.000Z,"Excellent AMA in the Official‚Ñ¢ Cryptocurrency chat just now.

That was fucking fantastic.

#cryptocurrency #chesslife #GodIsGood",,,2,4
Sentinel Croatia,@CroatiaSentinel,2022-01-10T12:14:22.000Z,"Using #dVPN means your information is safe with you and using blockchain technology such as #cryptocurrency means your assets are extremely secure and ''unhackable'' right?

But can a blockchain be hacked?",Bapu Sentinel dVPN Defender  and 9 others,6,12,33
Cosmin Botoc,@CosminBotoc,2022-01-10T17:53:23.000Z,"Webdollar....
It's a revolution!

http://WebDollar.io

#webdollar #cryptocurrency #Staking #blockchain #bitcoin  #coin #trading #mining #crypto #BSC #BinanceSmartChain",,,5,5
Magic Craft,@MagicCraftGame,2022-01-11T12:01:08.000Z,Nearly 50% of active #cryptocurrency wallets connected to decentralized applications in November were for playing games ,,,7,24
Hyderabad Post,@TheHydPost,2022-01-11T11:50:54.000Z,"It's #cryptocurrency 
.
.
(Credit: Cartoonist Satish Acharya)",,,,
rmahd,@rmahdx,2022-01-11T11:51:00.000Z,"$XYO still headed south. Needs more volume.

#xyo #altcoins #btc #bitcoin #crypto #cryptocurrency",,3,,1
Nahid Hasan,@Nahid8022,2022-01-09T18:23:03.000Z,"We‚Äôre Pumping !? 

#BTC #Bitcoin #cryptocurrency #Crypto",,98,157,579
Unknow_People,@unknow_people0,2022-01-11T12:08:36.000Z,"The third collection is out (this evening will be listed) come to see the Singers Collection on opensea
.
.
.
https://opensea.io/collection/singers-collection-000‚Ä¶
.
.
.
#nft #nftart #art #digitalart #cryptoart #nftartist #crypto #nfts #d #ethereum #nftcommunity #nftcollector #blockchain #cryptocurrency","opensea.io
Singer Collection - Collection | OpenSea
You always dream of having your singer in your room, like a stuffed animal... Enjoy the exclusive ""Singers Collection""! Buy your favorite artist and show it to your out of tune friends!",,,
KriptoKrazed | NFT,@KriptoKrazed,2022-01-10T14:31:43.000Z,"Let‚Äôs do another $25 SOLANA giveaway! I‚Äôll announce the winner this weekend!

$25 SOL
Follow
Retweet

#SolanaNFTs #Sol #SOLANA #SolanaAirdrop #NFT #NFTCommumity #NFTdrop #NFTGiveaways #NFTartist #CryptoNews #cryptocurrency #CRYPTO #Ethereum #BTC #CryptoGiveaway #NFTS",,105,540,371
Onyon Sama,@Onyon_Sama,2022-01-10T08:14:05.000Z,"For those who kept saying ""I wish I bought lower at the dip"", now's your chance. We aren't going to be dipping forever. 

#Kounotoritoken #kounotori #altcoin #ToTheMoon #cryptocurrency #storkholders",,4,4,14
BULLDoge | BUSD Rewards,@BullDogeX,2022-01-10T20:26:33.000Z,"Staking pools going live soon on BullDoge 
#PancakeSwap #PancakesSwap #CryptoNews #cryptocurrency",,2,1,2
Ricardo Escobbedo,@RicardoEscobbed,2022-01-10T14:53:38.000Z,"#ethereum, the second strongest #cryptocurrency after #Bitcoin, trying to hold at #3,000 price #usd.  Will it stop its fall?",,,,2
Onyon Sama,@Onyon_Sama,2022-01-10T18:41:42.000Z,"Well well no surprise! #Kounotoritoken is one of the Top 20 gainers. 

This is all from NATURAL GROWTH unlike all the P&Ds that are going around. 

We have a solid roadmap. 

#Crypto #CryptoNews #cryptocurrency #ToTheMoon #KTO",,,2,5
CryptoCapFlow,@CryptoCapflow,2022-01-11T12:09:02.000Z,"[Spot] By 2022-01-10 14:00 GMT, XTZ net cap flow of -$44M with a price change of -5.7% in last 24 hrs. #cryptocurrency #CryptoCapFlow $XTZ",,,,
Benjamin Graham,@Graham_cryptos,2022-01-10T13:44:12.000Z,"IMO: If #Bitcoin breaks $39,600 we might bottom in the green rectangle. And if we break the $29,000, we will go very low .
#cryptocurrency",,5,,6
Distopic AI,@DistopicAI,2022-01-10T04:43:42.000Z,"Leauge of Fire 






#nft #leaugeoflegends  #distopic #fanart #cryptocurrency #drumnbass
#blockchain #ethereum #ai #airdrop #digital_painting #opensea #NFTs",,5,23,15
Evai.io,@evai_io,2022-01-11T12:09:03.000Z,"Even within the current bear market, strong signals have been detected by our AI and machine learning technology!

This has led Evai to increase the rating of $NEW from a C1 to a B2!

#Evai #Crypto #CryptoChart #Cryptocurrency #CryptoTrading #Bullish 
@newton_crypto",Newton,,1,1
Pascal,@PascalRemmerts,2022-01-10T14:31:30.000Z,Just remember his prophetic words.. . Just think for yourself.  #cryptocurrency #CryptoNews #cryptocrash,,4,3,9
Milton DSouza,@MiltonD52199644,2022-01-10T09:37:26.000Z,"What is the 
@EverRise
 ecosystem? Learn more at http://everrise.com #EverRise #NFA #BinanceSmartChain #BSCGem #100xgem #1000xgem #BTC #ETH #altcoins #Altseason2021 #cryptocurrency #cryptotwitter #Cryptos #polygon #AVAX",,5,40,79
B.Z. JOE,@BZJOE,2022-01-11T09:00:27.000Z,"IF THERE WAS EVER A TIME TO BUY SAITAMA THAT TIME IS NOW. LOOK AT THIS PRIMED CHART READY #cryptocurrency THAT ONCE RELEASED WILL ROCKET REGARDLESS OF ANY LISTINGS FROM #BINANCE #COINBASE OR #KUCOIN. I ACTUALLY DON'T WANT ANY LISTINGS, I WANT #SAITAMASK TO BECOME IT!",,4,8,17
Tina,@Tina9920,2022-01-10T08:30:10.000Z,"Having a breakfast so so happy, hope every day starts well, #happydaily #cryptocurrency",,2,,3
HosseinSAMURAI,@Hossein_SAMURAI,2022-01-10T07:43:14.000Z,"A beautiful life begins with a beautiful mind

JOIN US TODAY  #RBXS

http://linktr.ee/RBXSamurai

https://Twitter.com/Rbxsamurai

http://t.me/mxsrbxsamuraiportal‚Ä¶

#RBXS #RBXS_token #CoinGecko #cryptocurrency #CoinMarketCap",,2,25,22
ClubZoo Legends,@ClubZooLegends,2022-01-10T22:54:12.000Z,Our Art is yet to be released but here's something for your imagination  #ClubZooLegends #underconstruction #nfts #solana #cryptocurrency #NFTCommunity #NFTGiveaway,,2,1,10
Monique,@UniqueMetaverse,2022-01-10T14:09:47.000Z,When it‚Äôs real ~ it‚Äôs effortless #MondayMotivation #cryptocurrency #NFTCommumity,,4,1,5
RICHMINT DAO,@RMW_RICHMINTDAO,2022-01-11T05:04:25.000Z," #Richmint marketplace is dedicated toward procurement & trading of Renewable Energy.

 #energy #trading #cryptocurrency #cryptocurrencies #investment #renewableenergy",,1,2,6
deeeeeep,@Ariamodcut,2022-01-10T09:49:51.000Z,"Drop your NFT 
Follow me = support you 

#cryptocurrency
 #NFTGiveaways #NFTs #NFT #Ethereum #ETH #Bsc",,7,7,8
SolveXtoken,@solveXtoken,2022-01-10T22:18:20.000Z,"Make #solveXtoken your best #crypto investment in 2022.

Get informed , stay alerted, look out for our token and swap launch date , be an early investor....

#solveXswap #solveXtoken #cryptocurrency #newlisting #NFTCommunity",,2,1,3
Lee Reem,@Donnyelreemos,2022-01-10T14:09:03.000Z,"Replying to 
@krakenfx","@AbbyInuOfficial
 

16th Jan 

#Abbyinu #cryptocurrecy #cryptocurrency #cryptocurrencies #moon",1,3,2
SAITAMAlover,@SaitamaAlover,2022-01-10T14:24:45.000Z,"The NEW Crypto REVOLUTION begins!! Thank you to all the devs & the whole team for your hard work! #wearewithyousaitateam! Beautiful product!

#SaitamaWolfPack #SaitamaToken #SAITAMACOMMUNITY #SaitamaAngel #Wolfpack #BNB #btc #ETH #cryptocurrency",Max Hernandez and 4 others,2,12,40
Aqute Media,@AquteMedia,2022-01-10T06:00:01.000Z,"#YellowTape episode 24: Areas of focus as an entrepreneur, decision making and #cryptocurrency with 
@alonbraun","0:52
20 views",,5,4
Aqute Media,@AquteMedia,2022-01-10T06:00:01.000Z,"#YellowTape episode 24: Areas of focus as an entrepreneur, decision making and #cryptocurrency with 
@alonbraun","20 views
0:02 / 0:54",,5,4
Position Exchange,@PositionEx,2022-01-10T08:39:06.000Z,"Hard times or Good times, NOT LETTING YOU GO! 
Accumulate and HODL

We are BUIDLing the future 

#POSI #PositionExchange #BSC #cryptocurrency",,18,63,236
DAVID PREMIER,@davidpremier,2022-01-10T15:00:03.000Z,Cryptocurrency Traders Move Into Carbon Markets - The Wall Street Journal https://wsj.com/articles/cryptocurrency-traders-move-into-carbon-markets-11641826402?utm_source=dlvr.it&utm_medium=twitter‚Ä¶ #crypto #cryptocurrency,,,2,4
Michiel de Ruyter,@Crypto_RuyterNL,2022-01-10T14:24:41.000Z,"#Bitcoin Sept.'21 closing lows at $40.5 providing current support. $39.6 wick last line of defense. 

#BTC atm looking like shit, with $39.8 already hit just now. 

Key levels for now. 

#Crypto $BTC #cryptocurrency",,2,2,9
Stephanie freeman,@Stephan22422758,2022-01-10T20:03:10.000Z,"Focused
Intelligent
Motivated 
Oh and cute 
#cryptocurrency",,,,
Butterfly,@butterflyZ__,2022-01-10T22:38:57.000Z,"#matrixETF is hosting a #testnet. Follow 
@MatrixETF
 to stay updated. #etherum #cryptocurrency
More info below",,,,2
Blockchain Babies,@BlockchainBabyz,2022-01-11T01:01:57.000Z,"Psychedelic Baby art

  

#nft #NFTCommunity #pixelart #play2earn #passiveincome #cryptocurrency #blockchainbabies #blockisland",,15,21,24
CryptoCapFlow,@CryptoCapflow,2022-01-11T11:58:00.000Z,"[Spot] By 2022-01-10 14:00 GMT, AAVE total trading volume of 586,523AAVE with a price change of -7.2% in last 24 hrs. #cryptocurrency #CryptoCapFlow $AAVE",,2,1,1
Coinstox.io,@the_coinstox,2022-01-11T11:38:06.000Z,"List your project now!
https://coinstox.io/project/project-information‚Ä¶

#defi   #cryptocurrency  #crypto   #blockchain  #ethereum  #btc   #nft   #Coinstox   #CSX",,2,13,22
Position Exchange,@PositionEx,2022-01-11T11:51:57.000Z,"The Hero I want! 

Join our Live AMA tonight 3pm UTC on Twitter with James.

https://twitter.com/i/spaces/1ypKdEMDvgdGW‚Ä¶

$1,000 POSI in Prize 

#POSI #PositionExchange #BSC #cryptocurrency",,3,13,57
roloh999,@roloh999,2022-01-11T08:54:57.000Z,"#btc #bitcoin #cryptocurrency 
Today we need the god candle to avoid death cross in the next 2 days....well, unlikely to happen...",,,,1
Jason Cole,@fightorflightIA,2022-01-11T02:39:14.000Z,"LtsGOBrandon found #bitcoin in a User vault at this location! Join me playing #coinhuntworld, It's awesome! https://coinhunt.gsc.im/k1LLDgaNxB #cryptocurrency #95209",,,,8
YourTheBoss Roofing,@MilezKrypto,2022-01-10T23:22:37.000Z,"Gmason found #ethereum in a User vault at this location! Join me playing #coinhuntworld, It's awesome! https://coinhunt.gsc.im/ZEpYd64IFC #cryptocurrency #68776",,1,,8
Zyborg,@Zyborg01,2022-01-11T08:27:30.000Z,"Added 3 more BTC to my portfolio .
Accumulate before the real rally .
#Bitcoin #portfolio #altcoins 
#cryptocurrency",,3,,3
